Starting a Gradle Daemon, 2 busy and 7 stopped Daemons could not be reused, use --status for details
> Task :Common:compileJava UP-TO-DATE
> Task :Common:processResources UP-TO-DATE
> Task :Common:classes UP-TO-DATE
> Task :Common:jar UP-TO-DATE
> Task :restaurant-service:compileJava UP-TO-DATE
> Task :restaurant-service:processResources UP-TO-DATE
> Task :restaurant-service:classes UP-TO-DATE
> Task :restaurant-service:resolveMainClassName UP-TO-DATE

> Task :restaurant-service:bootRun

  .   ____          _            __ _ _
 /\\ / ___'_ __ _ _(_)_ __  __ _ \ \ \ \
( ( )\___ | '_ | '_| | '_ \/ _` | \ \ \ \
 \\/  ___)| |_)| | | | | || (_| |  ) ) ) )
  '  |____| .__|_| |_|_| |_\__, | / / / /
 =========|_|==============|___/=/_/_/_/

 :: Spring Boot ::                (v3.5.5)

2026-04-11T12:42:38.879+07:00  INFO 41428 --- [restaurant-service] [  restartedMain] [                                                 ] c.C.r.RestaurantServiceApplication       : Starting RestaurantServiceApplication using Java 21.0.6 with PID 41428 (D:\Code\School_Project\Java\IE303-Restaurant\backend\restaurant-service\build\classes\java\main started by ADMIN in D:\Code\School_Project\Java\IE303-Restaurant\backend\restaurant-service)
2026-04-11T12:42:38.882+07:00  INFO 41428 --- [restaurant-service] [  restartedMain] [                                                 ] c.C.r.RestaurantServiceApplication       : No active profile set, falling back to 1 default profile: "default"
2026-04-11T12:42:38.935+07:00  INFO 41428 --- [restaurant-service] [  restartedMain] [                                                 ] .e.DevToolsPropertyDefaultsPostProcessor : Devtools property defaults active! Set 'spring.devtools.add-properties' to 'false' to disable
2026-04-11T12:42:38.935+07:00  INFO 41428 --- [restaurant-service] [  restartedMain] [                                                 ] .e.DevToolsPropertyDefaultsPostProcessor : For additional web related logging consider setting the 'logging.level.web' property to 'DEBUG'
2026-04-11T12:42:42.890+07:00  INFO 41428 --- [restaurant-service] [  restartedMain] [                                                 ] .s.d.r.c.RepositoryConfigurationDelegate : Bootstrapping Spring Data JPA repositories in DEFAULT mode.
2026-04-11T12:42:43.163+07:00  INFO 41428 --- [restaurant-service] [  restartedMain] [                                                 ] .s.d.r.c.RepositoryConfigurationDelegate : Finished Spring Data repository scanning in 265 ms. Found 6 JPA repository interfaces.
2026-04-11T12:42:44.221+07:00  INFO 41428 --- [restaurant-service] [  restartedMain] [                                                 ] o.s.cloud.context.scope.GenericScope     : BeanFactory id=ba671492-1df0-34e5-9bc4-90c34b988a1c
2026-04-11T12:42:45.545+07:00  INFO 41428 --- [restaurant-service] [  restartedMain] [                                                 ] o.s.b.w.embedded.tomcat.TomcatWebServer  : Tomcat initialized with port 8085 (http)
2026-04-11T12:42:45.569+07:00  INFO 41428 --- [restaurant-service] [  restartedMain] [                                                 ] o.apache.catalina.core.StandardService   : Starting service [Tomcat]
2026-04-11T12:42:45.570+07:00  INFO 41428 --- [restaurant-service] [  restartedMain] [                                                 ] o.apache.catalina.core.StandardEngine    : Starting Servlet engine: [Apache Tomcat/10.1.44]
2026-04-11T12:42:45.662+07:00  INFO 41428 --- [restaurant-service] [  restartedMain] [                                                 ] o.a.c.c.C.[Tomcat].[localhost].[/]       : Initializing Spring embedded WebApplicationContext
2026-04-11T12:42:45.663+07:00  INFO 41428 --- [restaurant-service] [  restartedMain] [                                                 ] w.s.c.ServletWebServerApplicationContext : Root WebApplicationContext: initialization completed in 6726 ms
2026-04-11T12:42:46.556+07:00 DEBUG 41428 --- [restaurant-service] [  restartedMain] [                                                 ] com.zaxxer.hikari.HikariConfig           : Class org.postgresql.Driver found in Thread context class loader org.springframework.boot.devtools.restart.classloader.RestartClassLoader@4f9e7129
2026-04-11T12:42:46.683+07:00 DEBUG 41428 --- [restaurant-service] [  restartedMain] [                                                 ] com.zaxxer.hikari.HikariConfig           : HikariPool-1 - configuration:
2026-04-11T12:42:46.686+07:00 DEBUG 41428 --- [restaurant-service] [  restartedMain] [                                                 ] com.zaxxer.hikari.HikariConfig           : allowPoolSuspension.............false
2026-04-11T12:42:46.686+07:00 DEBUG 41428 --- [restaurant-service] [  restartedMain] [                                                 ] com.zaxxer.hikari.HikariConfig           : autoCommit......................true
2026-04-11T12:42:46.686+07:00 DEBUG 41428 --- [restaurant-service] [  restartedMain] [                                                 ] com.zaxxer.hikari.HikariConfig           : catalog.........................none
2026-04-11T12:42:46.686+07:00 DEBUG 41428 --- [restaurant-service] [  restartedMain] [                                                 ] com.zaxxer.hikari.HikariConfig           : connectionInitSql...............none
2026-04-11T12:42:46.686+07:00 DEBUG 41428 --- [restaurant-service] [  restartedMain] [                                                 ] com.zaxxer.hikari.HikariConfig           : connectionTestQuery.............none
2026-04-11T12:42:46.687+07:00 DEBUG 41428 --- [restaurant-service] [  restartedMain] [                                                 ] com.zaxxer.hikari.HikariConfig           : connectionTimeout...............30000
2026-04-11T12:42:46.687+07:00 DEBUG 41428 --- [restaurant-service] [  restartedMain] [                                                 ] com.zaxxer.hikari.HikariConfig           : credentials.....................com.zaxxer.hikari.util.Credentials@4f7523e7
2026-04-11T12:42:46.687+07:00 DEBUG 41428 --- [restaurant-service] [  restartedMain] [                                                 ] com.zaxxer.hikari.HikariConfig           : dataSource......................none
2026-04-11T12:42:46.687+07:00 DEBUG 41428 --- [restaurant-service] [  restartedMain] [                                                 ] com.zaxxer.hikari.HikariConfig           : dataSourceClassName.............none
2026-04-11T12:42:46.687+07:00 DEBUG 41428 --- [restaurant-service] [  restartedMain] [                                                 ] com.zaxxer.hikari.HikariConfig           : dataSourceJNDI..................none
2026-04-11T12:42:46.687+07:00 DEBUG 41428 --- [restaurant-service] [  restartedMain] [                                                 ] com.zaxxer.hikari.HikariConfig           : dataSourceProperties............{password=<masked>}
2026-04-11T12:42:46.687+07:00 DEBUG 41428 --- [restaurant-service] [  restartedMain] [                                                 ] com.zaxxer.hikari.HikariConfig           : driverClassName................."org.postgresql.Driver"
2026-04-11T12:42:46.688+07:00 DEBUG 41428 --- [restaurant-service] [  restartedMain] [                                                 ] com.zaxxer.hikari.HikariConfig           : exceptionOverride...............none
2026-04-11T12:42:46.688+07:00 DEBUG 41428 --- [restaurant-service] [  restartedMain] [                                                 ] com.zaxxer.hikari.HikariConfig           : exceptionOverrideClassName......none
2026-04-11T12:42:46.688+07:00 DEBUG 41428 --- [restaurant-service] [  restartedMain] [                                                 ] com.zaxxer.hikari.HikariConfig           : healthCheckProperties...........{}
2026-04-11T12:42:46.688+07:00 DEBUG 41428 --- [restaurant-service] [  restartedMain] [                                                 ] com.zaxxer.hikari.HikariConfig           : healthCheckRegistry.............none
2026-04-11T12:42:46.688+07:00 DEBUG 41428 --- [restaurant-service] [  restartedMain] [                                                 ] com.zaxxer.hikari.HikariConfig           : idleTimeout.....................600000
2026-04-11T12:42:46.688+07:00 DEBUG 41428 --- [restaurant-service] [  restartedMain] [                                                 ] com.zaxxer.hikari.HikariConfig           : initializationFailTimeout.......1
2026-04-11T12:42:46.688+07:00 DEBUG 41428 --- [restaurant-service] [  restartedMain] [                                                 ] com.zaxxer.hikari.HikariConfig           : isolateInternalQueries..........false
2026-04-11T12:42:46.689+07:00 DEBUG 41428 --- [restaurant-service] [  restartedMain] [                                                 ] com.zaxxer.hikari.HikariConfig           : jdbcUrl.........................jdbc:postgresql://localhost:5432/restaurant_service
2026-04-11T12:42:46.690+07:00 DEBUG 41428 --- [restaurant-service] [  restartedMain] [                                                 ] com.zaxxer.hikari.HikariConfig           : keepaliveTime...................120000
2026-04-11T12:42:46.690+07:00 DEBUG 41428 --- [restaurant-service] [  restartedMain] [                                                 ] com.zaxxer.hikari.HikariConfig           : leakDetectionThreshold..........0
2026-04-11T12:42:46.690+07:00 DEBUG 41428 --- [restaurant-service] [  restartedMain] [                                                 ] com.zaxxer.hikari.HikariConfig           : maxLifetime.....................1800000
2026-04-11T12:42:46.690+07:00 DEBUG 41428 --- [restaurant-service] [  restartedMain] [                                                 ] com.zaxxer.hikari.HikariConfig           : maximumPoolSize.................10
2026-04-11T12:42:46.691+07:00 DEBUG 41428 --- [restaurant-service] [  restartedMain] [                                                 ] com.zaxxer.hikari.HikariConfig           : metricRegistry..................none
2026-04-11T12:42:46.691+07:00 DEBUG 41428 --- [restaurant-service] [  restartedMain] [                                                 ] com.zaxxer.hikari.HikariConfig           : metricsTrackerFactory...........none
2026-04-11T12:42:46.691+07:00 DEBUG 41428 --- [restaurant-service] [  restartedMain] [                                                 ] com.zaxxer.hikari.HikariConfig           : minimumIdle.....................10
2026-04-11T12:42:46.691+07:00 DEBUG 41428 --- [restaurant-service] [  restartedMain] [                                                 ] com.zaxxer.hikari.HikariConfig           : password........................<masked>
2026-04-11T12:42:46.691+07:00 DEBUG 41428 --- [restaurant-service] [  restartedMain] [                                                 ] com.zaxxer.hikari.HikariConfig           : poolName........................"HikariPool-1"
2026-04-11T12:42:46.691+07:00 DEBUG 41428 --- [restaurant-service] [  restartedMain] [                                                 ] com.zaxxer.hikari.HikariConfig           : readOnly........................false
2026-04-11T12:42:46.691+07:00 DEBUG 41428 --- [restaurant-service] [  restartedMain] [                                                 ] com.zaxxer.hikari.HikariConfig           : registerMbeans..................false
2026-04-11T12:42:46.691+07:00 DEBUG 41428 --- [restaurant-service] [  restartedMain] [                                                 ] com.zaxxer.hikari.HikariConfig           : scheduledExecutor...............none
2026-04-11T12:42:46.691+07:00 DEBUG 41428 --- [restaurant-service] [  restartedMain] [                                                 ] com.zaxxer.hikari.HikariConfig           : schema..........................none
2026-04-11T12:42:46.691+07:00 DEBUG 41428 --- [restaurant-service] [  restartedMain] [                                                 ] com.zaxxer.hikari.HikariConfig           : threadFactory...................internal
2026-04-11T12:42:46.691+07:00 DEBUG 41428 --- [restaurant-service] [  restartedMain] [                                                 ] com.zaxxer.hikari.HikariConfig           : transactionIsolation............default
2026-04-11T12:42:46.692+07:00 DEBUG 41428 --- [restaurant-service] [  restartedMain] [                                                 ] com.zaxxer.hikari.HikariConfig           : username........................"postgres"
2026-04-11T12:42:46.692+07:00 DEBUG 41428 --- [restaurant-service] [  restartedMain] [                                                 ] com.zaxxer.hikari.HikariConfig           : validationTimeout...............5000
2026-04-11T12:42:46.692+07:00  INFO 41428 --- [restaurant-service] [  restartedMain] [                                                 ] com.zaxxer.hikari.HikariDataSource       : HikariPool-1 - Starting...
2026-04-11T12:42:46.705+07:00 DEBUG 41428 --- [restaurant-service] [  restartedMain] [                                                 ] com.zaxxer.hikari.pool.PoolBase          : HikariPool-1 - Attempting to create/setup new connection (d2ec4704-78b8-4230-a737-30d9528cb780)
2026-04-11T12:42:47.116+07:00 DEBUG 41428 --- [restaurant-service] [  restartedMain] [                                                 ] com.zaxxer.hikari.pool.PoolBase          : HikariPool-1 - Established new connection (d2ec4704-78b8-4230-a737-30d9528cb780)
2026-04-11T12:42:47.118+07:00  INFO 41428 --- [restaurant-service] [  restartedMain] [                                                 ] com.zaxxer.hikari.pool.HikariPool        : HikariPool-1 - Added connection org.postgresql.jdbc.PgConnection@67acbb07
2026-04-11T12:42:47.119+07:00  INFO 41428 --- [restaurant-service] [  restartedMain] [                                                 ] com.zaxxer.hikari.HikariDataSource       : HikariPool-1 - Start completed.
2026-04-11T12:42:47.137+07:00 DEBUG 41428 --- [restaurant-service] [  restartedMain] [                                                 ] j.LocalContainerEntityManagerFactoryBean : Building JPA container EntityManagerFactory for persistence unit 'default'
2026-04-11T12:42:47.155+07:00  INFO 41428 --- [restaurant-service] [  restartedMain] [                                                 ] o.hibernate.jpa.internal.util.LogHelper  : HHH000204: Processing PersistenceUnitInfo [name: default]
2026-04-11T12:42:47.206+07:00  INFO 41428 --- [restaurant-service] [  restartedMain] [                                                 ] org.hibernate.Version                    : HHH000412: Hibernate ORM core version 6.6.26.Final
2026-04-11T12:42:47.225+07:00  INFO 41428 --- [restaurant-service] [  restartedMain] [                                                 ] o.h.spatial.integration.SpatialService   : HHH80000001: hibernate-spatial integration enabled : true
2026-04-11T12:42:47.228+07:00 DEBUG 41428 --- [restaurant-service] [l-1:housekeeper] [                                                 ] com.zaxxer.hikari.pool.HikariPool        : HikariPool-1 - Pool stats (total=1/10, idle=1/10, active=0, waiting=0)
2026-04-11T12:42:47.229+07:00 DEBUG 41428 --- [restaurant-service] [onnection-adder] [                                                 ] com.zaxxer.hikari.pool.PoolBase          : HikariPool-1 - Attempting to create/setup new connection (4959a424-1bee-47fe-8d08-0cda4c3b2392)
2026-04-11T12:42:47.260+07:00  INFO 41428 --- [restaurant-service] [  restartedMain] [                                                 ] o.h.c.internal.RegionFactoryInitiator    : HHH000026: Second-level cache disabled
2026-04-11T12:42:47.284+07:00 DEBUG 41428 --- [restaurant-service] [onnection-adder] [                                                 ] com.zaxxer.hikari.pool.PoolBase          : HikariPool-1 - Established new connection (4959a424-1bee-47fe-8d08-0cda4c3b2392)
2026-04-11T12:42:47.285+07:00 DEBUG 41428 --- [restaurant-service] [onnection-adder] [                                                 ] com.zaxxer.hikari.pool.HikariPool        : HikariPool-1 - Added connection org.postgresql.jdbc.PgConnection@1fb38e95
2026-04-11T12:42:47.320+07:00 DEBUG 41428 --- [restaurant-service] [onnection-adder] [                                                 ] com.zaxxer.hikari.pool.HikariPool        : HikariPool-1 - After adding stats (total=2/10, idle=2/10, active=0, waiting=0)
2026-04-11T12:42:47.320+07:00 DEBUG 41428 --- [restaurant-service] [onnection-adder] [                                                 ] com.zaxxer.hikari.pool.PoolBase          : HikariPool-1 - Attempting to create/setup new connection (6cde9f82-0d63-41f0-9340-c6122b264226)
2026-04-11T12:42:47.376+07:00 DEBUG 41428 --- [restaurant-service] [onnection-adder] [                                                 ] com.zaxxer.hikari.pool.PoolBase          : HikariPool-1 - Established new connection (6cde9f82-0d63-41f0-9340-c6122b264226)
2026-04-11T12:42:47.377+07:00 DEBUG 41428 --- [restaurant-service] [onnection-adder] [                                                 ] com.zaxxer.hikari.pool.HikariPool        : HikariPool-1 - Added connection org.postgresql.jdbc.PgConnection@11747313
2026-04-11T12:42:47.414+07:00 DEBUG 41428 --- [restaurant-service] [onnection-adder] [                                                 ] com.zaxxer.hikari.pool.HikariPool        : HikariPool-1 - After adding stats (total=3/10, idle=2/10, active=1, waiting=0)
2026-04-11T12:42:47.414+07:00 DEBUG 41428 --- [restaurant-service] [onnection-adder] [                                                 ] com.zaxxer.hikari.pool.PoolBase          : HikariPool-1 - Attempting to create/setup new connection (604bb386-e6af-467a-b977-353dd3d211d8)
2026-04-11T12:42:47.605+07:00  INFO 41428 --- [restaurant-service] [  restartedMain] [                                                 ] org.hibernate.orm.connections.pooling    : HHH10001005: Database info:
	Database JDBC URL [Connecting through datasource 'HikariDataSource (HikariPool-1)']
	Database driver: undefined/unknown
	Database version: 18.3
	Autocommit mode: undefined/unknown
	Isolation level: undefined/unknown
	Minimum pool size: undefined/unknown
	Maximum pool size: undefined/unknown
2026-04-11T12:42:47.681+07:00 DEBUG 41428 --- [restaurant-service] [onnection-adder] [                                                 ] com.zaxxer.hikari.pool.PoolBase          : HikariPool-1 - Established new connection (604bb386-e6af-467a-b977-353dd3d211d8)
2026-04-11T12:42:47.682+07:00 DEBUG 41428 --- [restaurant-service] [onnection-adder] [                                                 ] com.zaxxer.hikari.pool.HikariPool        : HikariPool-1 - Added connection org.postgresql.jdbc.PgConnection@154be5e5
2026-04-11T12:42:47.724+07:00 DEBUG 41428 --- [restaurant-service] [onnection-adder] [                                                 ] com.zaxxer.hikari.pool.HikariPool        : HikariPool-1 - After adding stats (total=4/10, idle=4/10, active=0, waiting=0)
2026-04-11T12:42:47.724+07:00 DEBUG 41428 --- [restaurant-service] [onnection-adder] [                                                 ] com.zaxxer.hikari.pool.PoolBase          : HikariPool-1 - Attempting to create/setup new connection (fcd092d6-b4b2-4d4d-8589-aa7d3d4bd357)
2026-04-11T12:42:47.775+07:00 DEBUG 41428 --- [restaurant-service] [onnection-adder] [                                                 ] com.zaxxer.hikari.pool.PoolBase          : HikariPool-1 - Established new connection (fcd092d6-b4b2-4d4d-8589-aa7d3d4bd357)
2026-04-11T12:42:47.776+07:00 DEBUG 41428 --- [restaurant-service] [onnection-adder] [                                                 ] com.zaxxer.hikari.pool.HikariPool        : HikariPool-1 - Added connection org.postgresql.jdbc.PgConnection@50497928
2026-04-11T12:42:47.816+07:00  INFO 41428 --- [restaurant-service] [  restartedMain] [                                                 ] org.hibernate.spatial                    : HHH80000003: hibernate-spatial adding type contributions from : org.hibernate.spatial.dialect.postgis.PostgisDialectContributor
2026-04-11T12:42:47.819+07:00 DEBUG 41428 --- [restaurant-service] [onnection-adder] [                                                 ] com.zaxxer.hikari.pool.HikariPool        : HikariPool-1 - After adding stats (total=5/10, idle=5/10, active=0, waiting=0)
2026-04-11T12:42:47.819+07:00 DEBUG 41428 --- [restaurant-service] [onnection-adder] [                                                 ] com.zaxxer.hikari.pool.PoolBase          : HikariPool-1 - Attempting to create/setup new connection (8118ff06-7e06-4d0f-8861-13df33568bbd)
2026-04-11T12:42:47.903+07:00 DEBUG 41428 --- [restaurant-service] [onnection-adder] [                                                 ] com.zaxxer.hikari.pool.PoolBase          : HikariPool-1 - Established new connection (8118ff06-7e06-4d0f-8861-13df33568bbd)
2026-04-11T12:42:47.903+07:00 DEBUG 41428 --- [restaurant-service] [onnection-adder] [                                                 ] com.zaxxer.hikari.pool.HikariPool        : HikariPool-1 - Added connection org.postgresql.jdbc.PgConnection@530d8292
2026-04-11T12:42:47.942+07:00 DEBUG 41428 --- [restaurant-service] [onnection-adder] [                                                 ] com.zaxxer.hikari.pool.HikariPool        : HikariPool-1 - After adding stats (total=6/10, idle=6/10, active=0, waiting=0)
2026-04-11T12:42:47.943+07:00 DEBUG 41428 --- [restaurant-service] [onnection-adder] [                                                 ] com.zaxxer.hikari.pool.PoolBase          : HikariPool-1 - Attempting to create/setup new connection (63b3d56f-55b0-499d-b3f4-5792ca35cd19)
2026-04-11T12:42:48.002+07:00 DEBUG 41428 --- [restaurant-service] [onnection-adder] [                                                 ] com.zaxxer.hikari.pool.PoolBase          : HikariPool-1 - Established new connection (63b3d56f-55b0-499d-b3f4-5792ca35cd19)
2026-04-11T12:42:48.003+07:00 DEBUG 41428 --- [restaurant-service] [onnection-adder] [                                                 ] com.zaxxer.hikari.pool.HikariPool        : HikariPool-1 - Added connection org.postgresql.jdbc.PgConnection@61d38f0b
2026-04-11T12:42:48.035+07:00 DEBUG 41428 --- [restaurant-service] [onnection-adder] [                                                 ] com.zaxxer.hikari.pool.HikariPool        : HikariPool-1 - After adding stats (total=7/10, idle=7/10, active=0, waiting=0)
2026-04-11T12:42:48.036+07:00 DEBUG 41428 --- [restaurant-service] [onnection-adder] [                                                 ] com.zaxxer.hikari.pool.PoolBase          : HikariPool-1 - Attempting to create/setup new connection (2296bbdb-966c-4691-b46f-b4adc831bcdc)
2026-04-11T12:42:48.062+07:00  INFO 41428 --- [restaurant-service] [  restartedMain] [                                                 ] o.s.o.j.p.SpringPersistenceUnitInfo      : No LoadTimeWeaver setup: ignoring JPA class transformer
2026-04-11T12:42:48.088+07:00  INFO 41428 --- [restaurant-service] [  restartedMain] [                                                 ] org.hibernate.spatial                    : HHH80000003: hibernate-spatial adding type contributions from : org.hibernate.spatial.dialect.postgis.PostgisDialectContributor
2026-04-11T12:42:48.090+07:00 DEBUG 41428 --- [restaurant-service] [onnection-adder] [                                                 ] com.zaxxer.hikari.pool.PoolBase          : HikariPool-1 - Established new connection (2296bbdb-966c-4691-b46f-b4adc831bcdc)
2026-04-11T12:42:48.090+07:00 DEBUG 41428 --- [restaurant-service] [onnection-adder] [                                                 ] com.zaxxer.hikari.pool.HikariPool        : HikariPool-1 - Added connection org.postgresql.jdbc.PgConnection@2b7d2a19
2026-04-11T12:42:48.129+07:00 DEBUG 41428 --- [restaurant-service] [onnection-adder] [                                                 ] com.zaxxer.hikari.pool.HikariPool        : HikariPool-1 - After adding stats (total=8/10, idle=8/10, active=0, waiting=0)
2026-04-11T12:42:48.129+07:00 DEBUG 41428 --- [restaurant-service] [onnection-adder] [                                                 ] com.zaxxer.hikari.pool.PoolBase          : HikariPool-1 - Attempting to create/setup new connection (05efe705-bd67-4c53-9699-ed204ec35449)
2026-04-11T12:42:48.185+07:00 DEBUG 41428 --- [restaurant-service] [onnection-adder] [                                                 ] com.zaxxer.hikari.pool.PoolBase          : HikariPool-1 - Established new connection (05efe705-bd67-4c53-9699-ed204ec35449)
2026-04-11T12:42:48.185+07:00 DEBUG 41428 --- [restaurant-service] [onnection-adder] [                                                 ] com.zaxxer.hikari.pool.HikariPool        : HikariPool-1 - Added connection org.postgresql.jdbc.PgConnection@30668667
2026-04-11T12:42:48.223+07:00 DEBUG 41428 --- [restaurant-service] [onnection-adder] [                                                 ] com.zaxxer.hikari.pool.HikariPool        : HikariPool-1 - After adding stats (total=9/10, idle=9/10, active=0, waiting=0)
2026-04-11T12:42:48.224+07:00 DEBUG 41428 --- [restaurant-service] [onnection-adder] [                                                 ] com.zaxxer.hikari.pool.PoolBase          : HikariPool-1 - Attempting to create/setup new connection (367c38e2-10b3-4141-b4b9-e0ef2bd65ae7)
2026-04-11T12:42:48.273+07:00 DEBUG 41428 --- [restaurant-service] [onnection-adder] [                                                 ] com.zaxxer.hikari.pool.PoolBase          : HikariPool-1 - Established new connection (367c38e2-10b3-4141-b4b9-e0ef2bd65ae7)
2026-04-11T12:42:48.273+07:00 DEBUG 41428 --- [restaurant-service] [onnection-adder] [                                                 ] com.zaxxer.hikari.pool.HikariPool        : HikariPool-1 - Added connection org.postgresql.jdbc.PgConnection@f408beb
2026-04-11T12:42:48.318+07:00 DEBUG 41428 --- [restaurant-service] [onnection-adder] [                                                 ] com.zaxxer.hikari.pool.HikariPool        : HikariPool-1 - After adding stats (total=10/10, idle=10/10, active=0, waiting=0)
2026-04-11T12:42:48.610+07:00  INFO 41428 --- [restaurant-service] [  restartedMain] [                                                 ] org.hibernate.spatial                    : HHH80000004: hibernate-spatial adding function contributions from : org.hibernate.spatial.dialect.postgis.PostgisDialectContributor
2026-04-11T12:42:49.782+07:00  INFO 41428 --- [restaurant-service] [  restartedMain] [                                                 ] o.h.e.t.j.p.i.JtaPlatformInitiator       : HHH000489: No JTA platform available (set 'hibernate.transaction.jta.platform' to enable JTA platform integration)
2026-04-11T12:42:49.786+07:00  INFO 41428 --- [restaurant-service] [  restartedMain] [                                                 ] j.LocalContainerEntityManagerFactoryBean : Initialized JPA EntityManagerFactory for persistence unit 'default'
2026-04-11T12:42:51.662+07:00  INFO 41428 --- [restaurant-service] [  restartedMain] [                                                 ] o.s.d.j.r.query.QueryEnhancerFactory     : Hibernate is in classpath; If applicable, HQL parser will be used.
2026-04-11T12:42:56.508+07:00  WARN 41428 --- [restaurant-service] [  restartedMain] [                                                 ] JpaBaseConfiguration$JpaWebConfiguration : spring.jpa.open-in-view is enabled by default. Therefore, database queries may be performed during view rendering. Explicitly configure spring.jpa.open-in-view to disable this warning
2026-04-11T12:42:57.644+07:00  INFO 41428 --- [restaurant-service] [  restartedMain] [                                                 ] o.s.b.a.e.web.EndpointLinksResolver      : Exposing 26 endpoints beneath base path '/actuator'
2026-04-11T12:42:57.703+07:00  WARN 41428 --- [restaurant-service] [  restartedMain] [                                                 ] .s.s.UserDetailsServiceAutoConfiguration : 

Using generated security password: 1b44142c-7f03-456d-9785-7393319b3d62

This generated password is for development use only. Your security configuration must be updated before running your application in production.

2026-04-11T12:42:57.712+07:00  INFO 41428 --- [restaurant-service] [  restartedMain] [                                                 ] r$InitializeUserDetailsManagerConfigurer : Global AuthenticationManager configured with UserDetailsService bean with name inMemoryUserDetailsManager
2026-04-11T12:42:58.857+07:00  WARN 41428 --- [restaurant-service] [  restartedMain] [                                                 ] o.s.b.d.a.OptionalLiveReloadServer       : Unable to start LiveReload server
2026-04-11T12:42:58.934+07:00  INFO 41428 --- [restaurant-service] [  restartedMain] [                                                 ] DiscoveryClientOptionalArgsConfiguration : Eureka HTTP Client uses RestTemplate.
2026-04-11T12:42:59.058+07:00  WARN 41428 --- [restaurant-service] [  restartedMain] [                                                 ] iguration$LoadBalancerCaffeineWarnLogger : Spring Cloud LoadBalancer is currently working with the default cache. While this cache implementation is useful for development and tests, it's recommended to use Caffeine cache in production.You can switch to using Caffeine cache, by adding it and org.springframework.cache.caffeine.CaffeineCacheManager to the classpath.
2026-04-11T12:42:59.162+07:00  INFO 41428 --- [restaurant-service] [  restartedMain] [                                                 ] o.s.c.n.eureka.InstanceInfoFactory       : Setting initial instance status as: STARTING
2026-04-11T12:42:59.183+07:00  INFO 41428 --- [restaurant-service] [  restartedMain] [                                                 ] com.netflix.discovery.DiscoveryClient    : Initializing Eureka in region us-east-1
2026-04-11T12:42:59.185+07:00  INFO 41428 --- [restaurant-service] [  restartedMain] [                                                 ] c.n.d.s.r.aws.ConfigClusterResolver      : Resolving eureka endpoints via configuration
2026-04-11T12:42:59.192+07:00  INFO 41428 --- [restaurant-service] [  restartedMain] [                                                 ] com.netflix.discovery.DiscoveryClient    : Disable delta property : false
2026-04-11T12:42:59.192+07:00  INFO 41428 --- [restaurant-service] [  restartedMain] [                                                 ] com.netflix.discovery.DiscoveryClient    : Single vip registry refresh property : null
2026-04-11T12:42:59.192+07:00  INFO 41428 --- [restaurant-service] [  restartedMain] [                                                 ] com.netflix.discovery.DiscoveryClient    : Force full registry fetch : false
2026-04-11T12:42:59.192+07:00  INFO 41428 --- [restaurant-service] [  restartedMain] [                                                 ] com.netflix.discovery.DiscoveryClient    : Application is null : false
2026-04-11T12:42:59.192+07:00  INFO 41428 --- [restaurant-service] [  restartedMain] [                                                 ] com.netflix.discovery.DiscoveryClient    : Registered Applications size is zero : true
2026-04-11T12:42:59.192+07:00  INFO 41428 --- [restaurant-service] [  restartedMain] [                                                 ] com.netflix.discovery.DiscoveryClient    : Application version is -1: true
2026-04-11T12:42:59.193+07:00  INFO 41428 --- [restaurant-service] [  restartedMain] [                                                 ] com.netflix.discovery.DiscoveryClient    : Getting all instance registry info from the eureka server
2026-04-11T12:42:59.488+07:00  INFO 41428 --- [restaurant-service] [  restartedMain] [                                                 ] com.netflix.discovery.DiscoveryClient    : The response status is 200
2026-04-11T12:42:59.489+07:00  INFO 41428 --- [restaurant-service] [  restartedMain] [                                                 ] com.netflix.discovery.DiscoveryClient    : Starting heartbeat executor: renew interval is: 30
2026-04-11T12:42:59.492+07:00  INFO 41428 --- [restaurant-service] [  restartedMain] [                                                 ] c.n.discovery.InstanceInfoReplicator     : InstanceInfoReplicator onDemand update allowed rate per min is 4
2026-04-11T12:42:59.494+07:00  INFO 41428 --- [restaurant-service] [  restartedMain] [                                                 ] com.netflix.discovery.DiscoveryClient    : Discovery Client initialized at timestamp 1775886179493 with initial instances count: 0
2026-04-11T12:42:59.507+07:00  INFO 41428 --- [restaurant-service] [  restartedMain] [                                                 ] o.s.c.n.e.s.EurekaServiceRegistry        : Registering application RESTAURANT-SERVICE with eureka with status UP
2026-04-11T12:42:59.511+07:00  INFO 41428 --- [restaurant-service] [  restartedMain] [                                                 ] com.netflix.discovery.DiscoveryClient    : Saw local status change event StatusChangeEvent [timestamp=1775886179510, current=UP, previous=STARTING]
2026-04-11T12:42:59.514+07:00  INFO 41428 --- [restaurant-service] [foReplicator-%d] [                                                 ] com.netflix.discovery.DiscoveryClient    : DiscoveryClient_RESTAURANT-SERVICE/restaurant-service:8085:36caaaec32a65ce274e6cbce6736531e: registering service...
2026-04-11T12:42:59.526+07:00  INFO 41428 --- [restaurant-service] [  restartedMain] [                                                 ] o.s.b.w.embedded.tomcat.TomcatWebServer  : Tomcat started on port 8085 (http) with context path '/'
2026-04-11T12:42:59.527+07:00  INFO 41428 --- [restaurant-service] [  restartedMain] [                                                 ] .s.c.n.e.s.EurekaAutoServiceRegistration : Updating port to 8085
2026-04-11T12:42:59.556+07:00  INFO 41428 --- [restaurant-service] [  restartedMain] [                                                 ] c.C.r.RestaurantServiceApplication       : Started RestaurantServiceApplication in 21.636 seconds (process running for 24.46)
2026-04-11T12:42:59.565+07:00  INFO 41428 --- [restaurant-service] [foReplicator-%d] [                                                 ] com.netflix.discovery.DiscoveryClient    : DiscoveryClient_RESTAURANT-SERVICE/restaurant-service:8085:36caaaec32a65ce274e6cbce6736531e - registration status: 204
2026-04-11T12:43:17.233+07:00 DEBUG 41428 --- [restaurant-service] [l-1:housekeeper] [                                                 ] com.zaxxer.hikari.pool.HikariPool        : HikariPool-1 - Pool stats (total=10/10, idle=10/10, active=0, waiting=0)
2026-04-11T12:43:17.233+07:00 DEBUG 41428 --- [restaurant-service] [l-1:housekeeper] [                                                 ] com.zaxxer.hikari.pool.HikariPool        : HikariPool-1 - Fill pool skipped, pool has sufficient level or currently being filled.
2026-04-11T12:43:29.500+07:00  INFO 41428 --- [restaurant-service] [reshExecutor-%d] [                                                 ] com.netflix.discovery.DiscoveryClient    : Disable delta property : false
2026-04-11T12:43:29.500+07:00  INFO 41428 --- [restaurant-service] [reshExecutor-%d] [                                                 ] com.netflix.discovery.DiscoveryClient    : Single vip registry refresh property : null
2026-04-11T12:43:29.500+07:00  INFO 41428 --- [restaurant-service] [reshExecutor-%d] [                                                 ] com.netflix.discovery.DiscoveryClient    : Force full registry fetch : false
2026-04-11T12:43:29.500+07:00  INFO 41428 --- [restaurant-service] [reshExecutor-%d] [                                                 ] com.netflix.discovery.DiscoveryClient    : Application is null : false
2026-04-11T12:43:29.500+07:00  INFO 41428 --- [restaurant-service] [reshExecutor-%d] [                                                 ] com.netflix.discovery.DiscoveryClient    : Registered Applications size is zero : true
2026-04-11T12:43:29.500+07:00  INFO 41428 --- [restaurant-service] [reshExecutor-%d] [                                                 ] com.netflix.discovery.DiscoveryClient    : Application version is -1: false
2026-04-11T12:43:29.500+07:00  INFO 41428 --- [restaurant-service] [reshExecutor-%d] [                                                 ] com.netflix.discovery.DiscoveryClient    : Getting all instance registry info from the eureka server
2026-04-11T12:43:29.532+07:00  INFO 41428 --- [restaurant-service] [reshExecutor-%d] [                                                 ] com.netflix.discovery.DiscoveryClient    : The response status is 200
2026-04-11T12:43:47.239+07:00 DEBUG 41428 --- [restaurant-service] [l-1:housekeeper] [                                                 ] com.zaxxer.hikari.pool.HikariPool        : HikariPool-1 - Pool stats (total=10/10, idle=10/10, active=0, waiting=0)
2026-04-11T12:43:47.239+07:00 DEBUG 41428 --- [restaurant-service] [l-1:housekeeper] [                                                 ] com.zaxxer.hikari.pool.HikariPool        : HikariPool-1 - Fill pool skipped, pool has sufficient level or currently being filled.
2026-04-11T12:44:17.247+07:00 DEBUG 41428 --- [restaurant-service] [l-1:housekeeper] [                                                 ] com.zaxxer.hikari.pool.HikariPool        : HikariPool-1 - Pool stats (total=10/10, idle=10/10, active=0, waiting=0)
2026-04-11T12:44:17.248+07:00 DEBUG 41428 --- [restaurant-service] [l-1:housekeeper] [                                                 ] com.zaxxer.hikari.pool.HikariPool        : HikariPool-1 - Fill pool skipped, pool has sufficient level or currently being filled.
2026-04-11T12:44:29.341+07:00 DEBUG 41428 --- [restaurant-service] [l-1:housekeeper] [                                                 ] com.zaxxer.hikari.pool.HikariPool        : HikariPool-1 - keepalive: connection org.postgresql.jdbc.PgConnection@154be5e5 is alive
2026-04-11T12:44:30.737+07:00 DEBUG 41428 --- [restaurant-service] [l-1:housekeeper] [                                                 ] com.zaxxer.hikari.pool.HikariPool        : HikariPool-1 - keepalive: connection org.postgresql.jdbc.PgConnection@67acbb07 is alive
2026-04-11T12:44:32.279+07:00 DEBUG 41428 --- [restaurant-service] [l-1:housekeeper] [                                                 ] com.zaxxer.hikari.pool.HikariPool        : HikariPool-1 - keepalive: connection org.postgresql.jdbc.PgConnection@11747313 is alive
2026-04-11T12:44:38.367+07:00 DEBUG 41428 --- [restaurant-service] [l-1:housekeeper] [                                                 ] com.zaxxer.hikari.pool.HikariPool        : HikariPool-1 - keepalive: connection org.postgresql.jdbc.PgConnection@30668667 is alive
2026-04-11T12:44:39.085+07:00 DEBUG 41428 --- [restaurant-service] [l-1:housekeeper] [                                                 ] com.zaxxer.hikari.pool.HikariPool        : HikariPool-1 - keepalive: connection org.postgresql.jdbc.PgConnection@61d38f0b is alive
2026-04-11T12:44:41.601+07:00 DEBUG 41428 --- [restaurant-service] [l-1:housekeeper] [                                                 ] com.zaxxer.hikari.pool.HikariPool        : HikariPool-1 - keepalive: connection org.postgresql.jdbc.PgConnection@f408beb is alive
2026-04-11T12:44:43.706+07:00 DEBUG 41428 --- [restaurant-service] [l-1:housekeeper] [                                                 ] com.zaxxer.hikari.pool.HikariPool        : HikariPool-1 - keepalive: connection org.postgresql.jdbc.PgConnection@50497928 is alive
2026-04-11T12:44:44.481+07:00 DEBUG 41428 --- [restaurant-service] [l-1:housekeeper] [                                                 ] com.zaxxer.hikari.pool.HikariPool        : HikariPool-1 - keepalive: connection org.postgresql.jdbc.PgConnection@1fb38e95 is alive
2026-04-11T12:44:45.639+07:00 DEBUG 41428 --- [restaurant-service] [l-1:housekeeper] [                                                 ] com.zaxxer.hikari.pool.HikariPool        : HikariPool-1 - keepalive: connection org.postgresql.jdbc.PgConnection@2b7d2a19 is alive
2026-04-11T12:44:47.248+07:00 DEBUG 41428 --- [restaurant-service] [l-1:housekeeper] [                                                 ] com.zaxxer.hikari.pool.HikariPool        : HikariPool-1 - Pool stats (total=10/10, idle=10/10, active=0, waiting=0)
2026-04-11T12:44:47.249+07:00 DEBUG 41428 --- [restaurant-service] [l-1:housekeeper] [                                                 ] com.zaxxer.hikari.pool.HikariPool        : HikariPool-1 - Fill pool skipped, pool has sufficient level or currently being filled.
2026-04-11T12:44:47.405+07:00 DEBUG 41428 --- [restaurant-service] [l-1:housekeeper] [                                                 ] com.zaxxer.hikari.pool.HikariPool        : HikariPool-1 - keepalive: connection org.postgresql.jdbc.PgConnection@530d8292 is alive
2026-04-11T12:45:17.261+07:00 DEBUG 41428 --- [restaurant-service] [l-1:housekeeper] [                                                 ] com.zaxxer.hikari.pool.HikariPool        : HikariPool-1 - Pool stats (total=10/10, idle=10/10, active=0, waiting=0)
2026-04-11T12:45:17.261+07:00 DEBUG 41428 --- [restaurant-service] [l-1:housekeeper] [                                                 ] com.zaxxer.hikari.pool.HikariPool        : HikariPool-1 - Fill pool skipped, pool has sufficient level or currently being filled.
2026-04-11T12:45:47.272+07:00 DEBUG 41428 --- [restaurant-service] [l-1:housekeeper] [                                                 ] com.zaxxer.hikari.pool.HikariPool        : HikariPool-1 - Pool stats (total=10/10, idle=10/10, active=0, waiting=0)
2026-04-11T12:45:47.273+07:00 DEBUG 41428 --- [restaurant-service] [l-1:housekeeper] [                                                 ] com.zaxxer.hikari.pool.HikariPool        : HikariPool-1 - Fill pool skipped, pool has sufficient level or currently being filled.
2026-04-11T12:46:10.993+07:00 DEBUG 41428 --- [restaurant-service] [l-1:housekeeper] [                                                 ] com.zaxxer.hikari.pool.HikariPool        : HikariPool-1 - keepalive: connection org.postgresql.jdbc.PgConnection@154be5e5 is alive
2026-04-11T12:46:14.368+07:00 DEBUG 41428 --- [restaurant-service] [l-1:housekeeper] [                                                 ] com.zaxxer.hikari.pool.HikariPool        : HikariPool-1 - keepalive: connection org.postgresql.jdbc.PgConnection@67acbb07 is alive
2026-04-11T12:46:17.169+07:00 DEBUG 41428 --- [restaurant-service] [l-1:housekeeper] [                                                 ] com.zaxxer.hikari.pool.HikariPool        : HikariPool-1 - keepalive: connection org.postgresql.jdbc.PgConnection@11747313 is alive
2026-04-11T12:46:17.279+07:00 DEBUG 41428 --- [restaurant-service] [l-1:housekeeper] [                                                 ] com.zaxxer.hikari.pool.HikariPool        : HikariPool-1 - Pool stats (total=10/10, idle=10/10, active=0, waiting=0)
2026-04-11T12:46:17.280+07:00 DEBUG 41428 --- [restaurant-service] [l-1:housekeeper] [                                                 ] com.zaxxer.hikari.pool.HikariPool        : HikariPool-1 - Fill pool skipped, pool has sufficient level or currently being filled.
2026-04-11T12:46:28.534+07:00 DEBUG 41428 --- [restaurant-service] [l-1:housekeeper] [                                                 ] com.zaxxer.hikari.pool.HikariPool        : HikariPool-1 - keepalive: connection org.postgresql.jdbc.PgConnection@30668667 is alive
2026-04-11T12:46:30.167+07:00 DEBUG 41428 --- [restaurant-service] [l-1:housekeeper] [                                                 ] com.zaxxer.hikari.pool.HikariPool        : HikariPool-1 - keepalive: connection org.postgresql.jdbc.PgConnection@61d38f0b is alive
2026-04-11T12:46:34.940+07:00 DEBUG 41428 --- [restaurant-service] [l-1:housekeeper] [                                                 ] com.zaxxer.hikari.pool.HikariPool        : HikariPool-1 - keepalive: connection org.postgresql.jdbc.PgConnection@f408beb is alive
2026-04-11T12:46:39.627+07:00 DEBUG 41428 --- [restaurant-service] [l-1:housekeeper] [                                                 ] com.zaxxer.hikari.pool.HikariPool        : HikariPool-1 - keepalive: connection org.postgresql.jdbc.PgConnection@50497928 is alive
2026-04-11T12:46:41.680+07:00 DEBUG 41428 --- [restaurant-service] [l-1:housekeeper] [                                                 ] com.zaxxer.hikari.pool.HikariPool        : HikariPool-1 - keepalive: connection org.postgresql.jdbc.PgConnection@1fb38e95 is alive
2026-04-11T12:46:43.182+07:00 DEBUG 41428 --- [restaurant-service] [l-1:housekeeper] [                                                 ] com.zaxxer.hikari.pool.HikariPool        : HikariPool-1 - keepalive: connection org.postgresql.jdbc.PgConnection@2b7d2a19 is alive
2026-04-11T12:46:46.906+07:00 DEBUG 41428 --- [restaurant-service] [l-1:housekeeper] [                                                 ] com.zaxxer.hikari.pool.HikariPool        : HikariPool-1 - keepalive: connection org.postgresql.jdbc.PgConnection@530d8292 is alive
2026-04-11T12:46:47.280+07:00 DEBUG 41428 --- [restaurant-service] [l-1:housekeeper] [                                                 ] com.zaxxer.hikari.pool.HikariPool        : HikariPool-1 - Pool stats (total=10/10, idle=10/10, active=0, waiting=0)
2026-04-11T12:46:47.280+07:00 DEBUG 41428 --- [restaurant-service] [l-1:housekeeper] [                                                 ] com.zaxxer.hikari.pool.HikariPool        : HikariPool-1 - Fill pool skipped, pool has sufficient level or currently being filled.
2026-04-11T12:47:17.288+07:00 DEBUG 41428 --- [restaurant-service] [l-1:housekeeper] [                                                 ] com.zaxxer.hikari.pool.HikariPool        : HikariPool-1 - Pool stats (total=10/10, idle=10/10, active=0, waiting=0)
2026-04-11T12:47:17.288+07:00 DEBUG 41428 --- [restaurant-service] [l-1:housekeeper] [                                                 ] com.zaxxer.hikari.pool.HikariPool        : HikariPool-1 - Fill pool skipped, pool has sufficient level or currently being filled.
2026-04-11T12:47:47.294+07:00 DEBUG 41428 --- [restaurant-service] [l-1:housekeeper] [                                                 ] com.zaxxer.hikari.pool.HikariPool        : HikariPool-1 - Pool stats (total=10/10, idle=10/10, active=0, waiting=0)
2026-04-11T12:47:47.295+07:00 DEBUG 41428 --- [restaurant-service] [l-1:housekeeper] [                                                 ] com.zaxxer.hikari.pool.HikariPool        : HikariPool-1 - Fill pool skipped, pool has sufficient level or currently being filled.
2026-04-11T12:47:52.644+07:00 DEBUG 41428 --- [restaurant-service] [l-1:housekeeper] [                                                 ] com.zaxxer.hikari.pool.HikariPool        : HikariPool-1 - keepalive: connection org.postgresql.jdbc.PgConnection@154be5e5 is alive
2026-04-11T12:47:57.991+07:00 DEBUG 41428 --- [restaurant-service] [l-1:housekeeper] [                                                 ] com.zaxxer.hikari.pool.HikariPool        : HikariPool-1 - keepalive: connection org.postgresql.jdbc.PgConnection@67acbb07 is alive
2026-04-11T12:47:59.209+07:00  INFO 41428 --- [restaurant-service] [rap-executor-%d] [                                                 ] c.n.d.s.r.aws.ConfigClusterResolver      : Resolving eureka endpoints via configuration
2026-04-11T12:48:02.059+07:00 DEBUG 41428 --- [restaurant-service] [l-1:housekeeper] [                                                 ] com.zaxxer.hikari.pool.HikariPool        : HikariPool-1 - keepalive: connection org.postgresql.jdbc.PgConnection@11747313 is alive
2026-04-11T12:48:17.300+07:00 DEBUG 41428 --- [restaurant-service] [l-1:housekeeper] [                                                 ] com.zaxxer.hikari.pool.HikariPool        : HikariPool-1 - Pool stats (total=10/10, idle=10/10, active=0, waiting=0)
2026-04-11T12:48:17.300+07:00 DEBUG 41428 --- [restaurant-service] [l-1:housekeeper] [                                                 ] com.zaxxer.hikari.pool.HikariPool        : HikariPool-1 - Fill pool skipped, pool has sufficient level or currently being filled.
2026-04-11T12:48:18.707+07:00 DEBUG 41428 --- [restaurant-service] [l-1:housekeeper] [                                                 ] com.zaxxer.hikari.pool.HikariPool        : HikariPool-1 - keepalive: connection org.postgresql.jdbc.PgConnection@30668667 is alive
2026-04-11T12:48:21.244+07:00 DEBUG 41428 --- [restaurant-service] [l-1:housekeeper] [                                                 ] com.zaxxer.hikari.pool.HikariPool        : HikariPool-1 - keepalive: connection org.postgresql.jdbc.PgConnection@61d38f0b is alive
2026-04-11T12:48:28.272+07:00 DEBUG 41428 --- [restaurant-service] [l-1:housekeeper] [                                                 ] com.zaxxer.hikari.pool.HikariPool        : HikariPool-1 - keepalive: connection org.postgresql.jdbc.PgConnection@f408beb is alive
2026-04-11T12:48:35.562+07:00 DEBUG 41428 --- [restaurant-service] [l-1:housekeeper] [                                                 ] com.zaxxer.hikari.pool.HikariPool        : HikariPool-1 - keepalive: connection org.postgresql.jdbc.PgConnection@50497928 is alive
2026-04-11T12:48:38.881+07:00 DEBUG 41428 --- [restaurant-service] [l-1:housekeeper] [                                                 ] com.zaxxer.hikari.pool.HikariPool        : HikariPool-1 - keepalive: connection org.postgresql.jdbc.PgConnection@1fb38e95 is alive
2026-04-11T12:48:40.719+07:00 DEBUG 41428 --- [restaurant-service] [l-1:housekeeper] [                                                 ] com.zaxxer.hikari.pool.HikariPool        : HikariPool-1 - keepalive: connection org.postgresql.jdbc.PgConnection@2b7d2a19 is alive
2026-04-11T12:48:46.412+07:00 DEBUG 41428 --- [restaurant-service] [l-1:housekeeper] [                                                 ] com.zaxxer.hikari.pool.HikariPool        : HikariPool-1 - keepalive: connection org.postgresql.jdbc.PgConnection@530d8292 is alive
2026-04-11T12:48:47.307+07:00 DEBUG 41428 --- [restaurant-service] [l-1:housekeeper] [                                                 ] com.zaxxer.hikari.pool.HikariPool        : HikariPool-1 - Pool stats (total=10/10, idle=10/10, active=0, waiting=0)
2026-04-11T12:48:47.307+07:00 DEBUG 41428 --- [restaurant-service] [l-1:housekeeper] [                                                 ] com.zaxxer.hikari.pool.HikariPool        : HikariPool-1 - Fill pool skipped, pool has sufficient level or currently being filled.
2026-04-11T12:49:04.485+07:00  INFO 41428 --- [restaurant-service] [nio-8085-exec-1] [                                                 ] o.a.c.c.C.[Tomcat].[localhost].[/]       : Initializing Spring DispatcherServlet 'dispatcherServlet'
2026-04-11T12:49:04.495+07:00  INFO 41428 --- [restaurant-service] [nio-8085-exec-1] [                                                 ] o.s.web.servlet.DispatcherServlet        : Initializing Servlet 'dispatcherServlet'
2026-04-11T12:49:04.916+07:00  INFO 41428 --- [restaurant-service] [nio-8085-exec-1] [                                                 ] o.s.web.servlet.DispatcherServlet        : Completed initialization in 420 ms
2026-04-11T12:49:05.464+07:00 DEBUG 41428 --- [restaurant-service] [nio-8085-exec-4] [69d9e0ca7278b35000905e7e79d1019e-c2c5a4e600c3bbf5] o.j.s.OpenEntityManagerInViewInterceptor : Opening JPA EntityManager in OpenEntityManagerInViewInterceptor
2026-04-11T12:49:05.470+07:00 DEBUG 41428 --- [restaurant-service] [nio-8085-exec-1] [69d9e0caf44186a4e8e2a4874e2e2b4c-976a78b4edf5614c] o.j.s.OpenEntityManagerInViewInterceptor : Opening JPA EntityManager in OpenEntityManagerInViewInterceptor
2026-04-11T12:49:05.616+07:00 DEBUG 41428 --- [restaurant-service] [nio-8085-exec-4] [69d9e0ca7278b35000905e7e79d1019e-c2c5a4e600c3bbf5] o.s.orm.jpa.JpaTransactionManager        : Found thread-bound EntityManager [SessionImpl(2044524164<open>)] for JPA transaction
2026-04-11T12:49:05.620+07:00 DEBUG 41428 --- [restaurant-service] [nio-8085-exec-4] [69d9e0ca7278b35000905e7e79d1019e-c2c5a4e600c3bbf5] o.s.orm.jpa.JpaTransactionManager        : Creating new transaction with name [org.springframework.data.jpa.repository.support.SimpleJpaRepository.findAll]: PROPAGATION_REQUIRED,ISOLATION_DEFAULT,readOnly
2026-04-11T12:49:05.654+07:00 DEBUG 41428 --- [restaurant-service] [nio-8085-exec-4] [69d9e0ca7278b35000905e7e79d1019e-c2c5a4e600c3bbf5] o.s.orm.jpa.JpaTransactionManager        : Exposing JPA transaction as JDBC [org.springframework.orm.jpa.vendor.HibernateJpaDialect$HibernateConnectionHandle@1e5a66df]
2026-04-11T12:49:05.835+07:00 DEBUG 41428 --- [restaurant-service] [nio-8085-exec-1] [69d9e0caf44186a4e8e2a4874e2e2b4c-976a78b4edf5614c] org.hibernate.SQL                        : 
    /* dynamic native SQL query */ SELECT
        DISTINCT 
            ON (p.id)     p.id,
            p.rating 
    FROM
        products p 
    JOIN
        restaurants r 
            ON p.restaurant_id = r.id 
    JOIN
        categories c 
            ON c.id = p.category_id 
    JOIN
        product_sizes ps 
            ON ps.product_id = p.id 
    WHERE
        r.enabled = true 
        AND ST_DWithin(     r.geom::geography,     ST_SetSRID(ST_MakePoint(?, ?), 4326)::geography,     ? ) 
        AND (
            ? IS NULL 
            OR LOWER(p.product_name) LIKE LOWER(CONCAT('%', ?, '%'))
        ) 
        AND (
            ? IS NULL 
            OR LOWER(c.cate_name) LIKE LOWER(CONCAT('%', ?, '%'))
        ) 
        AND (
            ? IS NULL 
            OR ps.price >= ?
        ) 
        AND (
            ? IS NULL 
            OR ps.price <= ?
        ) 
    ORDER BY
        p.id,
        CASE 
            WHEN ? = 'rating_id_desc' 
                THEN p.rating 
        END DESC 
    fetch
        first ? rows only 
2026-04-11T12:49:05.835+07:00 DEBUG 41428 --- [restaurant-service] [nio-8085-exec-4] [69d9e0ca7278b35000905e7e79d1019e-c2c5a4e600c3bbf5] org.hibernate.SQL                        : 
    /* <criteria> */ select
        c1_0.id,
        c1_0.cate_name 
    from
        categories c1_0
Hibernate: 
    /* dynamic native SQL query */ SELECT
        DISTINCT 
            ON (p.id)     p.id,
            p.rating 
    FROM
        products p 
    JOIN
        restaurants r 
            ON p.restaurant_id = r.id 
    JOIN
        categories c 
            ON c.id = p.category_id 
    JOIN
        product_sizes ps 
            ON ps.product_id = p.id 
    WHERE
        r.enabled = true 
        AND ST_DWithin(     r.geom::geography,     ST_SetSRID(ST_MakePoint(?, ?), 4326)::geography,     ? ) 
        AND (
            ? IS NULL 
            OR LOWER(p.product_name) LIKE LOWER(CONCAT('%', ?, '%'))
        ) 
        AND (
            ? IS NULL 
            OR LOWER(c.cate_name) LIKE LOWER(CONCAT('%', ?, '%'))
        ) 
        AND (
            ? IS NULL 
            OR ps.price >= ?
        ) 
        AND (
            ? IS NULL 
            OR ps.price <= ?
        ) 
    ORDER BY
        p.id,
        CASE 
            WHEN ? = 'rating_id_desc' 
                THEN p.rating 
        END DESC 
    fetch
        first ? rows only 
Hibernate: 
    /* <criteria> */ select
        c1_0.id,
        c1_0.cate_name 
    from
        categories c1_0
2026-04-11T12:49:05.900+07:00  WARN 41428 --- [restaurant-service] [nio-8085-exec-1] [69d9e0caf44186a4e8e2a4874e2e2b4c-976a78b4edf5614c] o.h.engine.jdbc.spi.SqlExceptionHelper   : SQL Error: 0, SQLState: 42P01
2026-04-11T12:49:05.901+07:00 ERROR 41428 --- [restaurant-service] [nio-8085-exec-1] [69d9e0caf44186a4e8e2a4874e2e2b4c-976a78b4edf5614c] o.h.engine.jdbc.spi.SqlExceptionHelper   : ERROR: relation "products" does not exist
  Position: 86
2026-04-11T12:49:05.959+07:00 DEBUG 41428 --- [restaurant-service] [nio-8085-exec-4] [69d9e0ca7278b35000905e7e79d1019e-c2c5a4e600c3bbf5] o.s.orm.jpa.JpaTransactionManager        : Initiating transaction commit
2026-04-11T12:49:05.960+07:00 DEBUG 41428 --- [restaurant-service] [nio-8085-exec-4] [69d9e0ca7278b35000905e7e79d1019e-c2c5a4e600c3bbf5] o.s.orm.jpa.JpaTransactionManager        : Committing JPA transaction on EntityManager [SessionImpl(2044524164<open>)]
2026-04-11T12:49:05.963+07:00 DEBUG 41428 --- [restaurant-service] [nio-8085-exec-4] [69d9e0ca7278b35000905e7e79d1019e-c2c5a4e600c3bbf5] o.s.orm.jpa.JpaTransactionManager        : Not closing pre-bound JPA EntityManager after transaction
List com.CNTTK18.restaurant_service.service.Impl.CateServiceImpl.getAllCategories() executed in 383ms
2026-04-11T12:49:06.028+07:00 DEBUG 41428 --- [restaurant-service] [nio-8085-exec-4] [69d9e0ca7278b35000905e7e79d1019e-c2c5a4e600c3bbf5] o.j.s.OpenEntityManagerInViewInterceptor : Closing JPA EntityManager in OpenEntityManagerInViewInterceptor
2026-04-11T12:49:06.030+07:00  WARN 41428 --- [restaurant-service] [nio-8085-exec-1] [69d9e0caf44186a4e8e2a4874e2e2b4c-976a78b4edf5614c] .m.m.a.ExceptionHandlerExceptionResolver : Resolved [org.springframework.dao.InvalidDataAccessResourceUsageException: JDBC exception executing SQL [/* dynamic native SQL query */ SELECT DISTINCT ON (p.id)<EOL>    p.id,<EOL>    p.rating<EOL>FROM products p<EOL>JOIN restaurants r ON p.restaurant_id = r.id<EOL>JOIN categories c ON c.id = p.category_id<EOL>JOIN product_sizes ps ON ps.product_id = p.id<EOL>WHERE r.enabled = true<EOL>AND ST_DWithin(<EOL>    r.geom::geography,<EOL>    ST_SetSRID(ST_MakePoint(?, ?), 4326)::geography,<EOL>    ?<EOL>)<EOL>AND (? IS NULL OR LOWER(p.product_name) LIKE LOWER(CONCAT('%', ?, '%')))<EOL>AND (? IS NULL OR LOWER(c.cate_name) LIKE LOWER(CONCAT('%', ?, '%')))<EOL>AND (? IS NULL OR ps.price >= ?)<EOL>AND (? IS NULL OR ps.price <= ?)<EOL>ORDER BY<EOL>    p.id,<EOL>    CASE WHEN ? = 'rating_id_desc' THEN p.rating END DESC fetch first ? rows only<EOL>] [ERROR: relation "products" does not exist<EOL>  Position: 86] [n/a]; SQL [n/a]]
2026-04-11T12:49:06.031+07:00 DEBUG 41428 --- [restaurant-service] [nio-8085-exec-1] [69d9e0caf44186a4e8e2a4874e2e2b4c-976a78b4edf5614c] o.j.s.OpenEntityManagerInViewInterceptor : Closing JPA EntityManager in OpenEntityManagerInViewInterceptor
2026-04-11T12:49:10.480+07:00 DEBUG 41428 --- [restaurant-service] [nio-8085-exec-3] [69d9e0d6b7b6bf0045926a0af1f2209b-bf9d9fdf00b41f24] o.j.s.OpenEntityManagerInViewInterceptor : Opening JPA EntityManager in OpenEntityManagerInViewInterceptor
2026-04-11T12:49:10.488+07:00 DEBUG 41428 --- [restaurant-service] [nio-8085-exec-3] [69d9e0d6b7b6bf0045926a0af1f2209b-bf9d9fdf00b41f24] o.s.orm.jpa.JpaTransactionManager        : Found thread-bound EntityManager [SessionImpl(2059900513<open>)] for JPA transaction
2026-04-11T12:49:10.490+07:00 DEBUG 41428 --- [restaurant-service] [nio-8085-exec-3] [69d9e0d6b7b6bf0045926a0af1f2209b-bf9d9fdf00b41f24] o.s.orm.jpa.JpaTransactionManager        : Creating new transaction with name [org.springframework.data.jpa.repository.support.SimpleJpaRepository.count]: PROPAGATION_REQUIRED,ISOLATION_DEFAULT,readOnly
2026-04-11T12:49:10.491+07:00 DEBUG 41428 --- [restaurant-service] [nio-8085-exec-3] [69d9e0d6b7b6bf0045926a0af1f2209b-bf9d9fdf00b41f24] o.s.orm.jpa.JpaTransactionManager        : Exposing JPA transaction as JDBC [org.springframework.orm.jpa.vendor.HibernateJpaDialect$HibernateConnectionHandle@3d2bc3f9]
2026-04-11T12:49:10.536+07:00 DEBUG 41428 --- [restaurant-service] [nio-8085-exec-3] [69d9e0d6b7b6bf0045926a0af1f2209b-bf9d9fdf00b41f24] org.hibernate.SQL                        : 
    /* select
        count(*) 
    from
        Restaurants x */ select
            count(*) 
        from
            restaurants r1_0
Hibernate: 
    /* select
        count(*) 
    from
        Restaurants x */ select
            count(*) 
        from
            restaurants r1_0
2026-04-11T12:49:10.539+07:00  WARN 41428 --- [restaurant-service] [nio-8085-exec-3] [69d9e0d6b7b6bf0045926a0af1f2209b-bf9d9fdf00b41f24] o.h.engine.jdbc.spi.SqlExceptionHelper   : SQL Error: 0, SQLState: 42P01
2026-04-11T12:49:10.539+07:00 ERROR 41428 --- [restaurant-service] [nio-8085-exec-3] [69d9e0d6b7b6bf0045926a0af1f2209b-bf9d9fdf00b41f24] o.h.engine.jdbc.spi.SqlExceptionHelper   : ERROR: relation "restaurants" does not exist
  Position: 63
2026-04-11T12:49:10.540+07:00 DEBUG 41428 --- [restaurant-service] [nio-8085-exec-3] [69d9e0d6b7b6bf0045926a0af1f2209b-bf9d9fdf00b41f24] o.s.orm.jpa.JpaTransactionManager        : Initiating transaction rollback
2026-04-11T12:49:10.541+07:00 DEBUG 41428 --- [restaurant-service] [nio-8085-exec-3] [69d9e0d6b7b6bf0045926a0af1f2209b-bf9d9fdf00b41f24] o.s.orm.jpa.JpaTransactionManager        : Rolling back JPA transaction on EntityManager [SessionImpl(2059900513<open>)]
2026-04-11T12:49:10.546+07:00 DEBUG 41428 --- [restaurant-service] [nio-8085-exec-3] [69d9e0d6b7b6bf0045926a0af1f2209b-bf9d9fdf00b41f24] o.s.orm.jpa.JpaTransactionManager        : Not closing pre-bound JPA EntityManager after transaction
2026-04-11T12:49:10.548+07:00 DEBUG 41428 --- [restaurant-service] [nio-8085-exec-3] [69d9e0d6b7b6bf0045926a0af1f2209b-bf9d9fdf00b41f24] o.s.orm.jpa.JpaTransactionManager        : Found thread-bound EntityManager [SessionImpl(2059900513<open>)] for JPA transaction
2026-04-11T12:49:10.548+07:00 DEBUG 41428 --- [restaurant-service] [nio-8085-exec-3] [69d9e0d6b7b6bf0045926a0af1f2209b-bf9d9fdf00b41f24] o.s.orm.jpa.JpaTransactionManager        : Creating new transaction with name [org.springframework.data.jpa.repository.support.SimpleJpaRepository.count]: PROPAGATION_REQUIRED,ISOLATION_DEFAULT,readOnly
2026-04-11T12:49:10.548+07:00 DEBUG 41428 --- [restaurant-service] [nio-8085-exec-3] [69d9e0d6b7b6bf0045926a0af1f2209b-bf9d9fdf00b41f24] o.s.orm.jpa.JpaTransactionManager        : Exposing JPA transaction as JDBC [org.springframework.orm.jpa.vendor.HibernateJpaDialect$HibernateConnectionHandle@13689137]
2026-04-11T12:49:10.551+07:00 DEBUG 41428 --- [restaurant-service] [nio-8085-exec-3] [69d9e0d6b7b6bf0045926a0af1f2209b-bf9d9fdf00b41f24] org.hibernate.SQL                        : 
    /* select
        count(*) 
    from
        Products x */ select
            count(*) 
        from
            products p1_0
Hibernate: 
    /* select
        count(*) 
    from
        Products x */ select
            count(*) 
        from
            products p1_0
2026-04-11T12:49:10.552+07:00  WARN 41428 --- [restaurant-service] [nio-8085-exec-3] [69d9e0d6b7b6bf0045926a0af1f2209b-bf9d9fdf00b41f24] o.h.engine.jdbc.spi.SqlExceptionHelper   : SQL Error: 0, SQLState: 42P01
2026-04-11T12:49:10.552+07:00 ERROR 41428 --- [restaurant-service] [nio-8085-exec-3] [69d9e0d6b7b6bf0045926a0af1f2209b-bf9d9fdf00b41f24] o.h.engine.jdbc.spi.SqlExceptionHelper   : ERROR: relation "products" does not exist
  Position: 60
2026-04-11T12:49:10.553+07:00 DEBUG 41428 --- [restaurant-service] [nio-8085-exec-3] [69d9e0d6b7b6bf0045926a0af1f2209b-bf9d9fdf00b41f24] o.s.orm.jpa.JpaTransactionManager        : Initiating transaction rollback
2026-04-11T12:49:10.553+07:00 DEBUG 41428 --- [restaurant-service] [nio-8085-exec-3] [69d9e0d6b7b6bf0045926a0af1f2209b-bf9d9fdf00b41f24] o.s.orm.jpa.JpaTransactionManager        : Rolling back JPA transaction on EntityManager [SessionImpl(2059900513<open>)]
2026-04-11T12:49:10.554+07:00 DEBUG 41428 --- [restaurant-service] [nio-8085-exec-3] [69d9e0d6b7b6bf0045926a0af1f2209b-bf9d9fdf00b41f24] o.s.orm.jpa.JpaTransactionManager        : Not closing pre-bound JPA EntityManager after transaction
2026-04-11T12:49:10.555+07:00 DEBUG 41428 --- [restaurant-service] [nio-8085-exec-3] [69d9e0d6b7b6bf0045926a0af1f2209b-bf9d9fdf00b41f24] o.s.orm.jpa.JpaTransactionManager        : Found thread-bound EntityManager [SessionImpl(2059900513<open>)] for JPA transaction
2026-04-11T12:49:10.555+07:00 DEBUG 41428 --- [restaurant-service] [nio-8085-exec-3] [69d9e0d6b7b6bf0045926a0af1f2209b-bf9d9fdf00b41f24] o.s.orm.jpa.JpaTransactionManager        : Creating new transaction with name [org.springframework.data.jpa.repository.support.SimpleJpaRepository.count]: PROPAGATION_REQUIRED,ISOLATION_DEFAULT,readOnly
2026-04-11T12:49:10.555+07:00 DEBUG 41428 --- [restaurant-service] [nio-8085-exec-3] [69d9e0d6b7b6bf0045926a0af1f2209b-bf9d9fdf00b41f24] o.s.orm.jpa.JpaTransactionManager        : Exposing JPA transaction as JDBC [org.springframework.orm.jpa.vendor.HibernateJpaDialect$HibernateConnectionHandle@2d860675]
2026-04-11T12:49:10.557+07:00 DEBUG 41428 --- [restaurant-service] [nio-8085-exec-3] [69d9e0d6b7b6bf0045926a0af1f2209b-bf9d9fdf00b41f24] org.hibernate.SQL                        : 
    /* select
        count(*) 
    from
        Categories x */ select
            count(*) 
        from
            categories c1_0
Hibernate: 
    /* select
        count(*) 
    from
        Categories x */ select
            count(*) 
        from
            categories c1_0
2026-04-11T12:49:10.567+07:00 DEBUG 41428 --- [restaurant-service] [nio-8085-exec-3] [69d9e0d6b7b6bf0045926a0af1f2209b-bf9d9fdf00b41f24] o.s.orm.jpa.JpaTransactionManager        : Initiating transaction commit
2026-04-11T12:49:10.567+07:00 DEBUG 41428 --- [restaurant-service] [nio-8085-exec-3] [69d9e0d6b7b6bf0045926a0af1f2209b-bf9d9fdf00b41f24] o.s.orm.jpa.JpaTransactionManager        : Committing JPA transaction on EntityManager [SessionImpl(2059900513<open>)]
2026-04-11T12:49:10.570+07:00 DEBUG 41428 --- [restaurant-service] [nio-8085-exec-3] [69d9e0d6b7b6bf0045926a0af1f2209b-bf9d9fdf00b41f24] o.s.orm.jpa.JpaTransactionManager        : Not closing pre-bound JPA EntityManager after transaction
2026-04-11T12:49:10.603+07:00 DEBUG 41428 --- [restaurant-service] [nio-8085-exec-3] [69d9e0d6b7b6bf0045926a0af1f2209b-bf9d9fdf00b41f24] o.j.s.OpenEntityManagerInViewInterceptor : Closing JPA EntityManager in OpenEntityManagerInViewInterceptor
2026-04-11T12:49:10.632+07:00 DEBUG 41428 --- [restaurant-service] [nio-8085-exec-8] [69d9e0d68e8096b6b260bec7c9ec5f87-aa3826aab7228f1d] o.j.s.OpenEntityManagerInViewInterceptor : Opening JPA EntityManager in OpenEntityManagerInViewInterceptor
2026-04-11T12:49:12.012+07:00 DEBUG 41428 --- [restaurant-service] [nio-8085-exec-8] [69d9e0d68e8096b6b260bec7c9ec5f87-aa3826aab7228f1d] org.hibernate.SQL                        : 
    /* SELECT
        COALESCE(AVG(r.rating), 0) 
    FROM
        Reviews r 
    WHERE
        r.reviewType = com.CNTTK18.restaurant_service.model.data.ReviewType.RESTAURANT */ select
            coalesce(avg(r1_0.rating), 0) 
        from
            reviews r1_0 
        where
            r1_0.review_type='RESTAURANT'
Hibernate: 
    /* SELECT
        COALESCE(AVG(r.rating), 0) 
    FROM
        Reviews r 
    WHERE
        r.reviewType = com.CNTTK18.restaurant_service.model.data.ReviewType.RESTAURANT */ select
            coalesce(avg(r1_0.rating), 0) 
        from
            reviews r1_0 
        where
            r1_0.review_type='RESTAURANT'
2026-04-11T12:49:15.882+07:00 DEBUG 41428 --- [restaurant-service] [nio-8085-exec-8] [69d9e0d68e8096b6b260bec7c9ec5f87-aa3826aab7228f1d] o.j.s.OpenEntityManagerInViewInterceptor : Closing JPA EntityManager in OpenEntityManagerInViewInterceptor
2026-04-11T12:49:17.313+07:00 DEBUG 41428 --- [restaurant-service] [l-1:housekeeper] [                                                 ] com.zaxxer.hikari.pool.HikariPool        : HikariPool-1 - Pool stats (total=10/10, idle=10/10, active=0, waiting=0)
2026-04-11T12:49:17.314+07:00 DEBUG 41428 --- [restaurant-service] [l-1:housekeeper] [                                                 ] com.zaxxer.hikari.pool.HikariPool        : HikariPool-1 - Fill pool skipped, pool has sufficient level or currently being filled.
2026-04-11T12:49:34.294+07:00 DEBUG 41428 --- [restaurant-service] [l-1:housekeeper] [                                                 ] com.zaxxer.hikari.pool.HikariPool        : HikariPool-1 - keepalive: connection org.postgresql.jdbc.PgConnection@154be5e5 is alive
2026-04-11T12:49:41.734+07:00 DEBUG 41428 --- [restaurant-service] [l-1:housekeeper] [                                                 ] com.zaxxer.hikari.pool.HikariPool        : HikariPool-1 - keepalive: connection org.postgresql.jdbc.PgConnection@67acbb07 is alive
2026-04-11T12:49:46.961+07:00 DEBUG 41428 --- [restaurant-service] [l-1:housekeeper] [                                                 ] com.zaxxer.hikari.pool.HikariPool        : HikariPool-1 - keepalive: connection org.postgresql.jdbc.PgConnection@11747313 is alive
2026-04-11T12:49:47.322+07:00 DEBUG 41428 --- [restaurant-service] [l-1:housekeeper] [                                                 ] com.zaxxer.hikari.pool.HikariPool        : HikariPool-1 - Pool stats (total=10/10, idle=10/10, active=0, waiting=0)
2026-04-11T12:49:47.322+07:00 DEBUG 41428 --- [restaurant-service] [l-1:housekeeper] [                                                 ] com.zaxxer.hikari.pool.HikariPool        : HikariPool-1 - Fill pool skipped, pool has sufficient level or currently being filled.
2026-04-11T12:50:08.876+07:00 DEBUG 41428 --- [restaurant-service] [l-1:housekeeper] [                                                 ] com.zaxxer.hikari.pool.HikariPool        : HikariPool-1 - keepalive: connection org.postgresql.jdbc.PgConnection@30668667 is alive
2026-04-11T12:50:12.322+07:00 DEBUG 41428 --- [restaurant-service] [l-1:housekeeper] [                                                 ] com.zaxxer.hikari.pool.HikariPool        : HikariPool-1 - keepalive: connection org.postgresql.jdbc.PgConnection@61d38f0b is alive
2026-04-11T12:50:17.327+07:00 DEBUG 41428 --- [restaurant-service] [l-1:housekeeper] [                                                 ] com.zaxxer.hikari.pool.HikariPool        : HikariPool-1 - Pool stats (total=10/10, idle=10/10, active=0, waiting=0)
2026-04-11T12:50:17.327+07:00 DEBUG 41428 --- [restaurant-service] [l-1:housekeeper] [                                                 ] com.zaxxer.hikari.pool.HikariPool        : HikariPool-1 - Fill pool skipped, pool has sufficient level or currently being filled.
2026-04-11T12:50:21.605+07:00 DEBUG 41428 --- [restaurant-service] [l-1:housekeeper] [                                                 ] com.zaxxer.hikari.pool.HikariPool        : HikariPool-1 - keepalive: connection org.postgresql.jdbc.PgConnection@f408beb is alive
2026-04-11T12:50:31.494+07:00 DEBUG 41428 --- [restaurant-service] [l-1:housekeeper] [                                                 ] com.zaxxer.hikari.pool.HikariPool        : HikariPool-1 - keepalive: connection org.postgresql.jdbc.PgConnection@50497928 is alive
2026-04-11T12:50:36.076+07:00 DEBUG 41428 --- [restaurant-service] [l-1:housekeeper] [                                                 ] com.zaxxer.hikari.pool.HikariPool        : HikariPool-1 - keepalive: connection org.postgresql.jdbc.PgConnection@1fb38e95 is alive
2026-04-11T12:50:38.261+07:00 DEBUG 41428 --- [restaurant-service] [l-1:housekeeper] [                                                 ] com.zaxxer.hikari.pool.HikariPool        : HikariPool-1 - keepalive: connection org.postgresql.jdbc.PgConnection@2b7d2a19 is alive
2026-04-11T12:50:45.913+07:00 DEBUG 41428 --- [restaurant-service] [l-1:housekeeper] [                                                 ] com.zaxxer.hikari.pool.HikariPool        : HikariPool-1 - keepalive: connection org.postgresql.jdbc.PgConnection@530d8292 is alive
2026-04-11T12:50:47.349+07:00 DEBUG 41428 --- [restaurant-service] [l-1:housekeeper] [                                                 ] com.zaxxer.hikari.pool.HikariPool        : HikariPool-1 - Pool stats (total=10/10, idle=10/10, active=0, waiting=0)
2026-04-11T12:50:47.350+07:00 DEBUG 41428 --- [restaurant-service] [l-1:housekeeper] [                                                 ] com.zaxxer.hikari.pool.HikariPool        : HikariPool-1 - Fill pool skipped, pool has sufficient level or currently being filled.
2026-04-11T12:51:04.041+07:00 DEBUG 41428 --- [restaurant-service] [nio-8085-exec-7] [69d9e1483e840947d2927d355733d7f2-7bfa26af15c00954] o.j.s.OpenEntityManagerInViewInterceptor : Opening JPA EntityManager in OpenEntityManagerInViewInterceptor
2026-04-11T12:51:04.041+07:00 DEBUG 41428 --- [restaurant-service] [nio-8085-exec-7] [69d9e1483e840947d2927d355733d7f2-7bfa26af15c00954] o.s.orm.jpa.JpaTransactionManager        : Found thread-bound EntityManager [SessionImpl(195048194<open>)] for JPA transaction
2026-04-11T12:51:04.041+07:00 DEBUG 41428 --- [restaurant-service] [nio-8085-exec-7] [69d9e1483e840947d2927d355733d7f2-7bfa26af15c00954] o.s.orm.jpa.JpaTransactionManager        : Creating new transaction with name [org.springframework.data.jpa.repository.support.SimpleJpaRepository.count]: PROPAGATION_REQUIRED,ISOLATION_DEFAULT,readOnly
2026-04-11T12:51:04.046+07:00 DEBUG 41428 --- [restaurant-service] [nio-8085-exec-7] [69d9e1483e840947d2927d355733d7f2-7bfa26af15c00954] o.s.orm.jpa.JpaTransactionManager        : Exposing JPA transaction as JDBC [org.springframework.orm.jpa.vendor.HibernateJpaDialect$HibernateConnectionHandle@f9fa6ae]
2026-04-11T12:51:04.047+07:00 DEBUG 41428 --- [restaurant-service] [nio-8085-exec-7] [69d9e1483e840947d2927d355733d7f2-7bfa26af15c00954] org.hibernate.SQL                        : 
    /* select
        count(*) 
    from
        Restaurants x */ select
            count(*) 
        from
            restaurants r1_0
Hibernate: 
    /* select
        count(*) 
    from
        Restaurants x */ select
            count(*) 
        from
            restaurants r1_0
2026-04-11T12:51:04.047+07:00  WARN 41428 --- [restaurant-service] [nio-8085-exec-7] [69d9e1483e840947d2927d355733d7f2-7bfa26af15c00954] o.h.engine.jdbc.spi.SqlExceptionHelper   : SQL Error: 0, SQLState: 42P01
2026-04-11T12:51:04.047+07:00 ERROR 41428 --- [restaurant-service] [nio-8085-exec-7] [69d9e1483e840947d2927d355733d7f2-7bfa26af15c00954] o.h.engine.jdbc.spi.SqlExceptionHelper   : ERROR: relation "restaurants" does not exist
  Position: 63
2026-04-11T12:51:04.050+07:00 DEBUG 41428 --- [restaurant-service] [nio-8085-exec-7] [69d9e1483e840947d2927d355733d7f2-7bfa26af15c00954] o.s.orm.jpa.JpaTransactionManager        : Initiating transaction rollback
2026-04-11T12:51:04.050+07:00 DEBUG 41428 --- [restaurant-service] [nio-8085-exec-7] [69d9e1483e840947d2927d355733d7f2-7bfa26af15c00954] o.s.orm.jpa.JpaTransactionManager        : Rolling back JPA transaction on EntityManager [SessionImpl(195048194<open>)]
2026-04-11T12:51:04.050+07:00 DEBUG 41428 --- [restaurant-service] [nio-8085-exec-7] [69d9e1483e840947d2927d355733d7f2-7bfa26af15c00954] o.s.orm.jpa.JpaTransactionManager        : Not closing pre-bound JPA EntityManager after transaction
2026-04-11T12:51:04.050+07:00 DEBUG 41428 --- [restaurant-service] [nio-8085-exec-7] [69d9e1483e840947d2927d355733d7f2-7bfa26af15c00954] o.s.orm.jpa.JpaTransactionManager        : Found thread-bound EntityManager [SessionImpl(195048194<open>)] for JPA transaction
2026-04-11T12:51:04.050+07:00 DEBUG 41428 --- [restaurant-service] [nio-8085-exec-7] [69d9e1483e840947d2927d355733d7f2-7bfa26af15c00954] o.s.orm.jpa.JpaTransactionManager        : Creating new transaction with name [org.springframework.data.jpa.repository.support.SimpleJpaRepository.count]: PROPAGATION_REQUIRED,ISOLATION_DEFAULT,readOnly
2026-04-11T12:51:04.050+07:00 DEBUG 41428 --- [restaurant-service] [nio-8085-exec-7] [69d9e1483e840947d2927d355733d7f2-7bfa26af15c00954] o.s.orm.jpa.JpaTransactionManager        : Exposing JPA transaction as JDBC [org.springframework.orm.jpa.vendor.HibernateJpaDialect$HibernateConnectionHandle@233094f5]
2026-04-11T12:51:04.050+07:00 DEBUG 41428 --- [restaurant-service] [nio-8085-exec-7] [69d9e1483e840947d2927d355733d7f2-7bfa26af15c00954] org.hibernate.SQL                        : 
    /* select
        count(*) 
    from
        Products x */ select
            count(*) 
        from
            products p1_0
Hibernate: 
    /* select
        count(*) 
    from
        Products x */ select
            count(*) 
        from
            products p1_0
2026-04-11T12:51:04.050+07:00  WARN 41428 --- [restaurant-service] [nio-8085-exec-7] [69d9e1483e840947d2927d355733d7f2-7bfa26af15c00954] o.h.engine.jdbc.spi.SqlExceptionHelper   : SQL Error: 0, SQLState: 42P01
2026-04-11T12:51:04.050+07:00 ERROR 41428 --- [restaurant-service] [nio-8085-exec-7] [69d9e1483e840947d2927d355733d7f2-7bfa26af15c00954] o.h.engine.jdbc.spi.SqlExceptionHelper   : ERROR: relation "products" does not exist
  Position: 60
2026-04-11T12:51:04.050+07:00 DEBUG 41428 --- [restaurant-service] [nio-8085-exec-7] [69d9e1483e840947d2927d355733d7f2-7bfa26af15c00954] o.s.orm.jpa.JpaTransactionManager        : Initiating transaction rollback
2026-04-11T12:51:04.050+07:00 DEBUG 41428 --- [restaurant-service] [nio-8085-exec-7] [69d9e1483e840947d2927d355733d7f2-7bfa26af15c00954] o.s.orm.jpa.JpaTransactionManager        : Rolling back JPA transaction on EntityManager [SessionImpl(195048194<open>)]
2026-04-11T12:51:04.050+07:00 DEBUG 41428 --- [restaurant-service] [nio-8085-exec-7] [69d9e1483e840947d2927d355733d7f2-7bfa26af15c00954] o.s.orm.jpa.JpaTransactionManager        : Not closing pre-bound JPA EntityManager after transaction
2026-04-11T12:51:04.050+07:00 DEBUG 41428 --- [restaurant-service] [nio-8085-exec-7] [69d9e1483e840947d2927d355733d7f2-7bfa26af15c00954] o.s.orm.jpa.JpaTransactionManager        : Found thread-bound EntityManager [SessionImpl(195048194<open>)] for JPA transaction
2026-04-11T12:51:04.055+07:00 DEBUG 41428 --- [restaurant-service] [nio-8085-exec-7] [69d9e1483e840947d2927d355733d7f2-7bfa26af15c00954] o.s.orm.jpa.JpaTransactionManager        : Creating new transaction with name [org.springframework.data.jpa.repository.support.SimpleJpaRepository.count]: PROPAGATION_REQUIRED,ISOLATION_DEFAULT,readOnly
2026-04-11T12:51:04.055+07:00 DEBUG 41428 --- [restaurant-service] [nio-8085-exec-7] [69d9e1483e840947d2927d355733d7f2-7bfa26af15c00954] o.s.orm.jpa.JpaTransactionManager        : Exposing JPA transaction as JDBC [org.springframework.orm.jpa.vendor.HibernateJpaDialect$HibernateConnectionHandle@12c16d25]
2026-04-11T12:51:04.056+07:00 DEBUG 41428 --- [restaurant-service] [nio-8085-exec-7] [69d9e1483e840947d2927d355733d7f2-7bfa26af15c00954] org.hibernate.SQL                        : 
    /* select
        count(*) 
    from
        Categories x */ select
            count(*) 
        from
            categories c1_0
Hibernate: 
    /* select
        count(*) 
    from
        Categories x */ select
            count(*) 
        from
            categories c1_0
2026-04-11T12:51:04.056+07:00 DEBUG 41428 --- [restaurant-service] [nio-8085-exec-7] [69d9e1483e840947d2927d355733d7f2-7bfa26af15c00954] o.s.orm.jpa.JpaTransactionManager        : Initiating transaction commit
2026-04-11T12:51:04.056+07:00 DEBUG 41428 --- [restaurant-service] [nio-8085-exec-7] [69d9e1483e840947d2927d355733d7f2-7bfa26af15c00954] o.s.orm.jpa.JpaTransactionManager        : Committing JPA transaction on EntityManager [SessionImpl(195048194<open>)]
2026-04-11T12:51:04.056+07:00 DEBUG 41428 --- [restaurant-service] [nio-8085-exec-7] [69d9e1483e840947d2927d355733d7f2-7bfa26af15c00954] o.s.orm.jpa.JpaTransactionManager        : Not closing pre-bound JPA EntityManager after transaction
2026-04-11T12:51:04.056+07:00 DEBUG 41428 --- [restaurant-service] [nio-8085-exec-7] [69d9e1483e840947d2927d355733d7f2-7bfa26af15c00954] o.j.s.OpenEntityManagerInViewInterceptor : Closing JPA EntityManager in OpenEntityManagerInViewInterceptor
2026-04-11T12:51:04.087+07:00 DEBUG 41428 --- [restaurant-service] [nio-8085-exec-2] [69d9e1482b39b3b80ab3e46c046411f8-8c5bb90199fd8f14] o.j.s.OpenEntityManagerInViewInterceptor : Opening JPA EntityManager in OpenEntityManagerInViewInterceptor
2026-04-11T12:51:04.092+07:00 DEBUG 41428 --- [restaurant-service] [nio-8085-exec-2] [69d9e1482b39b3b80ab3e46c046411f8-8c5bb90199fd8f14] org.hibernate.SQL                        : 
    /* SELECT
        COALESCE(AVG(r.rating), 0) 
    FROM
        Reviews r 
    WHERE
        r.reviewType = com.CNTTK18.restaurant_service.model.data.ReviewType.RESTAURANT */ select
            coalesce(avg(r1_0.rating), 0) 
        from
            reviews r1_0 
        where
            r1_0.review_type='RESTAURANT'
Hibernate: 
    /* SELECT
        COALESCE(AVG(r.rating), 0) 
    FROM
        Reviews r 
    WHERE
        r.reviewType = com.CNTTK18.restaurant_service.model.data.ReviewType.RESTAURANT */ select
            coalesce(avg(r1_0.rating), 0) 
        from
            reviews r1_0 
        where
            r1_0.review_type='RESTAURANT'
2026-04-11T12:51:04.092+07:00 DEBUG 41428 --- [restaurant-service] [nio-8085-exec-2] [69d9e1482b39b3b80ab3e46c046411f8-8c5bb90199fd8f14] o.j.s.OpenEntityManagerInViewInterceptor : Closing JPA EntityManager in OpenEntityManagerInViewInterceptor
2026-04-11T12:51:15.952+07:00 DEBUG 41428 --- [restaurant-service] [l-1:housekeeper] [                                                 ] com.zaxxer.hikari.pool.HikariPool        : HikariPool-1 - keepalive: connection org.postgresql.jdbc.PgConnection@154be5e5 is alive
2026-04-11T12:51:17.353+07:00 DEBUG 41428 --- [restaurant-service] [l-1:housekeeper] [                                                 ] com.zaxxer.hikari.pool.HikariPool        : HikariPool-1 - Pool stats (total=10/10, idle=10/10, active=0, waiting=0)
2026-04-11T12:51:17.353+07:00 DEBUG 41428 --- [restaurant-service] [l-1:housekeeper] [                                                 ] com.zaxxer.hikari.pool.HikariPool        : HikariPool-1 - Fill pool skipped, pool has sufficient level or currently being filled.
2026-04-11T12:51:22.458+07:00 DEBUG 41428 --- [restaurant-service] [nio-8085-exec-9] [69d9e15ab1d5c013b2e49534a71d21bd-32120729121b30e2] o.j.s.OpenEntityManagerInViewInterceptor : Opening JPA EntityManager in OpenEntityManagerInViewInterceptor
2026-04-11T12:51:22.460+07:00 DEBUG 41428 --- [restaurant-service] [nio-8085-exec-9] [69d9e15ab1d5c013b2e49534a71d21bd-32120729121b30e2] o.s.orm.jpa.JpaTransactionManager        : Found thread-bound EntityManager [SessionImpl(2038339913<open>)] for JPA transaction
2026-04-11T12:51:22.461+07:00 DEBUG 41428 --- [restaurant-service] [nio-8085-exec-9] [69d9e15ab1d5c013b2e49534a71d21bd-32120729121b30e2] o.s.orm.jpa.JpaTransactionManager        : Creating new transaction with name [org.springframework.data.jpa.repository.support.SimpleJpaRepository.count]: PROPAGATION_REQUIRED,ISOLATION_DEFAULT,readOnly
2026-04-11T12:51:22.462+07:00 DEBUG 41428 --- [restaurant-service] [nio-8085-exec-9] [69d9e15ab1d5c013b2e49534a71d21bd-32120729121b30e2] o.s.orm.jpa.JpaTransactionManager        : Exposing JPA transaction as JDBC [org.springframework.orm.jpa.vendor.HibernateJpaDialect$HibernateConnectionHandle@7d4102be]
2026-04-11T12:51:22.463+07:00 DEBUG 41428 --- [restaurant-service] [nio-8085-exec-9] [69d9e15ab1d5c013b2e49534a71d21bd-32120729121b30e2] org.hibernate.SQL                        : 
    /* select
        count(*) 
    from
        Restaurants x */ select
            count(*) 
        from
            restaurants r1_0
Hibernate: 
    /* select
        count(*) 
    from
        Restaurants x */ select
            count(*) 
        from
            restaurants r1_0
2026-04-11T12:51:22.464+07:00  WARN 41428 --- [restaurant-service] [nio-8085-exec-9] [69d9e15ab1d5c013b2e49534a71d21bd-32120729121b30e2] o.h.engine.jdbc.spi.SqlExceptionHelper   : SQL Error: 0, SQLState: 42P01
2026-04-11T12:51:22.464+07:00 ERROR 41428 --- [restaurant-service] [nio-8085-exec-9] [69d9e15ab1d5c013b2e49534a71d21bd-32120729121b30e2] o.h.engine.jdbc.spi.SqlExceptionHelper   : ERROR: relation "restaurants" does not exist
  Position: 63
2026-04-11T12:51:22.465+07:00 DEBUG 41428 --- [restaurant-service] [nio-8085-exec-9] [69d9e15ab1d5c013b2e49534a71d21bd-32120729121b30e2] o.s.orm.jpa.JpaTransactionManager        : Initiating transaction rollback
2026-04-11T12:51:22.465+07:00 DEBUG 41428 --- [restaurant-service] [nio-8085-exec-9] [69d9e15ab1d5c013b2e49534a71d21bd-32120729121b30e2] o.s.orm.jpa.JpaTransactionManager        : Rolling back JPA transaction on EntityManager [SessionImpl(2038339913<open>)]
2026-04-11T12:51:22.465+07:00 DEBUG 41428 --- [restaurant-service] [nio-8085-exec-9] [69d9e15ab1d5c013b2e49534a71d21bd-32120729121b30e2] o.s.orm.jpa.JpaTransactionManager        : Not closing pre-bound JPA EntityManager after transaction
2026-04-11T12:51:22.466+07:00 DEBUG 41428 --- [restaurant-service] [nio-8085-exec-9] [69d9e15ab1d5c013b2e49534a71d21bd-32120729121b30e2] o.s.orm.jpa.JpaTransactionManager        : Found thread-bound EntityManager [SessionImpl(2038339913<open>)] for JPA transaction
2026-04-11T12:51:22.466+07:00 DEBUG 41428 --- [restaurant-service] [nio-8085-exec-9] [69d9e15ab1d5c013b2e49534a71d21bd-32120729121b30e2] o.s.orm.jpa.JpaTransactionManager        : Creating new transaction with name [org.springframework.data.jpa.repository.support.SimpleJpaRepository.count]: PROPAGATION_REQUIRED,ISOLATION_DEFAULT,readOnly
2026-04-11T12:51:22.466+07:00 DEBUG 41428 --- [restaurant-service] [nio-8085-exec-9] [69d9e15ab1d5c013b2e49534a71d21bd-32120729121b30e2] o.s.orm.jpa.JpaTransactionManager        : Exposing JPA transaction as JDBC [org.springframework.orm.jpa.vendor.HibernateJpaDialect$HibernateConnectionHandle@4086aad]
2026-04-11T12:51:22.466+07:00 DEBUG 41428 --- [restaurant-service] [nio-8085-exec-9] [69d9e15ab1d5c013b2e49534a71d21bd-32120729121b30e2] org.hibernate.SQL                        : 
    /* select
        count(*) 
    from
        Products x */ select
            count(*) 
        from
            products p1_0
Hibernate: 
    /* select
        count(*) 
    from
        Products x */ select
            count(*) 
        from
            products p1_0
2026-04-11T12:51:22.469+07:00  WARN 41428 --- [restaurant-service] [nio-8085-exec-9] [69d9e15ab1d5c013b2e49534a71d21bd-32120729121b30e2] o.h.engine.jdbc.spi.SqlExceptionHelper   : SQL Error: 0, SQLState: 42P01
2026-04-11T12:51:22.470+07:00 ERROR 41428 --- [restaurant-service] [nio-8085-exec-9] [69d9e15ab1d5c013b2e49534a71d21bd-32120729121b30e2] o.h.engine.jdbc.spi.SqlExceptionHelper   : ERROR: relation "products" does not exist
  Position: 60
2026-04-11T12:51:22.471+07:00 DEBUG 41428 --- [restaurant-service] [nio-8085-exec-9] [69d9e15ab1d5c013b2e49534a71d21bd-32120729121b30e2] o.s.orm.jpa.JpaTransactionManager        : Initiating transaction rollback
2026-04-11T12:51:22.485+07:00 DEBUG 41428 --- [restaurant-service] [nio-8085-exec-9] [69d9e15ab1d5c013b2e49534a71d21bd-32120729121b30e2] o.s.orm.jpa.JpaTransactionManager        : Rolling back JPA transaction on EntityManager [SessionImpl(2038339913<open>)]
2026-04-11T12:51:22.486+07:00 DEBUG 41428 --- [restaurant-service] [nio-8085-exec-9] [69d9e15ab1d5c013b2e49534a71d21bd-32120729121b30e2] o.s.orm.jpa.JpaTransactionManager        : Not closing pre-bound JPA EntityManager after transaction
2026-04-11T12:51:22.493+07:00 DEBUG 41428 --- [restaurant-service] [nio-8085-exec-9] [69d9e15ab1d5c013b2e49534a71d21bd-32120729121b30e2] o.s.orm.jpa.JpaTransactionManager        : Found thread-bound EntityManager [SessionImpl(2038339913<open>)] for JPA transaction
2026-04-11T12:51:22.493+07:00 DEBUG 41428 --- [restaurant-service] [nio-8085-exec-9] [69d9e15ab1d5c013b2e49534a71d21bd-32120729121b30e2] o.s.orm.jpa.JpaTransactionManager        : Creating new transaction with name [org.springframework.data.jpa.repository.support.SimpleJpaRepository.count]: PROPAGATION_REQUIRED,ISOLATION_DEFAULT,readOnly
2026-04-11T12:51:22.494+07:00 DEBUG 41428 --- [restaurant-service] [nio-8085-exec-9] [69d9e15ab1d5c013b2e49534a71d21bd-32120729121b30e2] o.s.orm.jpa.JpaTransactionManager        : Exposing JPA transaction as JDBC [org.springframework.orm.jpa.vendor.HibernateJpaDialect$HibernateConnectionHandle@7c10a8ce]
2026-04-11T12:51:22.495+07:00 DEBUG 41428 --- [restaurant-service] [nio-8085-exec-9] [69d9e15ab1d5c013b2e49534a71d21bd-32120729121b30e2] org.hibernate.SQL                        : 
    /* select
        count(*) 
    from
        Categories x */ select
            count(*) 
        from
            categories c1_0
Hibernate: 
    /* select
        count(*) 
    from
        Categories x */ select
            count(*) 
        from
            categories c1_0
2026-04-11T12:51:22.497+07:00 DEBUG 41428 --- [restaurant-service] [nio-8085-exec-9] [69d9e15ab1d5c013b2e49534a71d21bd-32120729121b30e2] o.s.orm.jpa.JpaTransactionManager        : Initiating transaction commit
2026-04-11T12:51:22.497+07:00 DEBUG 41428 --- [restaurant-service] [nio-8085-exec-9] [69d9e15ab1d5c013b2e49534a71d21bd-32120729121b30e2] o.s.orm.jpa.JpaTransactionManager        : Committing JPA transaction on EntityManager [SessionImpl(2038339913<open>)]
2026-04-11T12:51:22.498+07:00 DEBUG 41428 --- [restaurant-service] [nio-8085-exec-9] [69d9e15ab1d5c013b2e49534a71d21bd-32120729121b30e2] o.s.orm.jpa.JpaTransactionManager        : Not closing pre-bound JPA EntityManager after transaction
2026-04-11T12:51:22.509+07:00 DEBUG 41428 --- [restaurant-service] [nio-8085-exec-9] [69d9e15ab1d5c013b2e49534a71d21bd-32120729121b30e2] o.j.s.OpenEntityManagerInViewInterceptor : Closing JPA EntityManager in OpenEntityManagerInViewInterceptor
2026-04-11T12:51:22.528+07:00 DEBUG 41428 --- [restaurant-service] [nio-8085-exec-5] [69d9e15aff2c6515251157bb0767fd93-ab23b41c0cbc2600] o.j.s.OpenEntityManagerInViewInterceptor : Opening JPA EntityManager in OpenEntityManagerInViewInterceptor
2026-04-11T12:51:22.535+07:00 DEBUG 41428 --- [restaurant-service] [nio-8085-exec-5] [69d9e15aff2c6515251157bb0767fd93-ab23b41c0cbc2600] org.hibernate.SQL                        : 
    /* SELECT
        COALESCE(AVG(r.rating), 0) 
    FROM
        Reviews r 
    WHERE
        r.reviewType = com.CNTTK18.restaurant_service.model.data.ReviewType.RESTAURANT */ select
            coalesce(avg(r1_0.rating), 0) 
        from
            reviews r1_0 
        where
            r1_0.review_type='RESTAURANT'
Hibernate: 
    /* SELECT
        COALESCE(AVG(r.rating), 0) 
    FROM
        Reviews r 
    WHERE
        r.reviewType = com.CNTTK18.restaurant_service.model.data.ReviewType.RESTAURANT */ select
            coalesce(avg(r1_0.rating), 0) 
        from
            reviews r1_0 
        where
            r1_0.review_type='RESTAURANT'
2026-04-11T12:51:22.541+07:00 DEBUG 41428 --- [restaurant-service] [nio-8085-exec-5] [69d9e15aff2c6515251157bb0767fd93-ab23b41c0cbc2600] o.j.s.OpenEntityManagerInViewInterceptor : Closing JPA EntityManager in OpenEntityManagerInViewInterceptor
2026-04-11T12:51:25.358+07:00 DEBUG 41428 --- [restaurant-service] [l-1:housekeeper] [                                                 ] com.zaxxer.hikari.pool.HikariPool        : HikariPool-1 - keepalive: connection org.postgresql.jdbc.PgConnection@67acbb07 is alive
2026-04-11T12:51:31.849+07:00 DEBUG 41428 --- [restaurant-service] [l-1:housekeeper] [                                                 ] com.zaxxer.hikari.pool.HikariPool        : HikariPool-1 - keepalive: connection org.postgresql.jdbc.PgConnection@11747313 is alive
2026-04-11T12:51:47.353+07:00 DEBUG 41428 --- [restaurant-service] [l-1:housekeeper] [                                                 ] com.zaxxer.hikari.pool.HikariPool        : HikariPool-1 - Pool stats (total=10/10, idle=10/10, active=0, waiting=0)
2026-04-11T12:51:47.353+07:00 DEBUG 41428 --- [restaurant-service] [l-1:housekeeper] [                                                 ] com.zaxxer.hikari.pool.HikariPool        : HikariPool-1 - Fill pool skipped, pool has sufficient level or currently being filled.
2026-04-11T12:51:54.077+07:00 DEBUG 41428 --- [restaurant-service] [nio-8085-exec-4] [69d9e17afe2f9e99d19c46b087c7be91-7ac5abfd482525ad] o.j.s.OpenEntityManagerInViewInterceptor : Opening JPA EntityManager in OpenEntityManagerInViewInterceptor
2026-04-11T12:51:54.251+07:00 DEBUG 41428 --- [restaurant-service] [nio-8085-exec-4] [69d9e17afe2f9e99d19c46b087c7be91-7ac5abfd482525ad] org.hibernate.SQL                        : 
    /* dynamic native SQL query */ SELECT
        DISTINCT r.* 
    FROM
        restaurants r 
    JOIN
        restaurant_categories rc 
            ON r.id = rc.restaurant_id 
    JOIN
        categories c 
            ON c.id = rc.category_id 
    WHERE
        (
            ? IS NULL 
            OR r.enabled = ?
        ) 
        AND (
            ? IS NULL 
            OR LOWER(r.res_name) LIKE LOWER(CONCAT('%', ?, '%'))
        ) 
        AND (
            ? IS NULL 
            OR LOWER(c.cate_name) LIKE LOWER(CONCAT('%', ?, '%'))
        ) 
        AND ST_DWithin(     r.geom::geography,     ST_SetSRID(ST_MakePoint(?, ?), 4326)::geography,     ? )  
    order by
        r.id asc 
    fetch
        first ? rows only
Hibernate: 
    /* dynamic native SQL query */ SELECT
        DISTINCT r.* 
    FROM
        restaurants r 
    JOIN
        restaurant_categories rc 
            ON r.id = rc.restaurant_id 
    JOIN
        categories c 
            ON c.id = rc.category_id 
    WHERE
        (
            ? IS NULL 
            OR r.enabled = ?
        ) 
        AND (
            ? IS NULL 
            OR LOWER(r.res_name) LIKE LOWER(CONCAT('%', ?, '%'))
        ) 
        AND (
            ? IS NULL 
            OR LOWER(c.cate_name) LIKE LOWER(CONCAT('%', ?, '%'))
        ) 
        AND ST_DWithin(     r.geom::geography,     ST_SetSRID(ST_MakePoint(?, ?), 4326)::geography,     ? )  
    order by
        r.id asc 
    fetch
        first ? rows only
2026-04-11T12:51:54.279+07:00  WARN 41428 --- [restaurant-service] [nio-8085-exec-4] [69d9e17afe2f9e99d19c46b087c7be91-7ac5abfd482525ad] o.h.engine.jdbc.spi.SqlExceptionHelper   : SQL Error: 0, SQLState: 42P01
2026-04-11T12:51:54.279+07:00 ERROR 41428 --- [restaurant-service] [nio-8085-exec-4] [69d9e17afe2f9e99d19c46b087c7be91-7ac5abfd482525ad] o.h.engine.jdbc.spi.SqlExceptionHelper   : ERROR: relation "restaurants" does not exist
  Position: 57
2026-04-11T12:51:54.353+07:00  WARN 41428 --- [restaurant-service] [nio-8085-exec-4] [69d9e17afe2f9e99d19c46b087c7be91-7ac5abfd482525ad] .m.m.a.ExceptionHandlerExceptionResolver : Resolved [org.springframework.dao.InvalidDataAccessResourceUsageException: JDBC exception executing SQL [/* dynamic native SQL query */ SELECT DISTINCT r.*<EOL>FROM restaurants r<EOL>JOIN restaurant_categories rc ON r.id = rc.restaurant_id<EOL>JOIN categories c ON c.id = rc.category_id<EOL>WHERE (? IS NULL OR r.enabled = ?)<EOL>AND (? IS NULL OR LOWER(r.res_name) LIKE LOWER(CONCAT('%', ?, '%')))<EOL>AND (? IS NULL OR LOWER(c.cate_name) LIKE LOWER(CONCAT('%', ?, '%')))<EOL>AND ST_DWithin(<EOL>    r.geom::geography,<EOL>    ST_SetSRID(ST_MakePoint(?, ?), 4326)::geography,<EOL>    ?<EOL>)<EOL> order by r.id asc fetch first ? rows only] [ERROR: relation "restaurants" does not exist<EOL>  Position: 57] [n/a]; SQL [n/a]]
2026-04-11T12:51:54.353+07:00 DEBUG 41428 --- [restaurant-service] [nio-8085-exec-4] [69d9e17afe2f9e99d19c46b087c7be91-7ac5abfd482525ad] o.j.s.OpenEntityManagerInViewInterceptor : Closing JPA EntityManager in OpenEntityManagerInViewInterceptor
2026-04-11T12:51:59.045+07:00 DEBUG 41428 --- [restaurant-service] [l-1:housekeeper] [                                                 ] com.zaxxer.hikari.pool.HikariPool        : HikariPool-1 - keepalive: connection org.postgresql.jdbc.PgConnection@30668667 is alive
2026-04-11T12:52:03.411+07:00 DEBUG 41428 --- [restaurant-service] [l-1:housekeeper] [                                                 ] com.zaxxer.hikari.pool.HikariPool        : HikariPool-1 - keepalive: connection org.postgresql.jdbc.PgConnection@61d38f0b is alive
2026-04-11T12:52:14.937+07:00 DEBUG 41428 --- [restaurant-service] [l-1:housekeeper] [                                                 ] com.zaxxer.hikari.pool.HikariPool        : HikariPool-1 - keepalive: connection org.postgresql.jdbc.PgConnection@f408beb is alive
2026-04-11T12:52:17.359+07:00 DEBUG 41428 --- [restaurant-service] [l-1:housekeeper] [                                                 ] com.zaxxer.hikari.pool.HikariPool        : HikariPool-1 - Pool stats (total=10/10, idle=10/10, active=0, waiting=0)
2026-04-11T12:52:17.359+07:00 DEBUG 41428 --- [restaurant-service] [l-1:housekeeper] [                                                 ] com.zaxxer.hikari.pool.HikariPool        : HikariPool-1 - Fill pool skipped, pool has sufficient level or currently being filled.
2026-04-11T12:52:24.295+07:00 DEBUG 41428 --- [restaurant-service] [nio-8085-exec-3] [69d9e198afb8a4a4859f8641007eb1c9-a3c8c78883dd1dfa] o.j.s.OpenEntityManagerInViewInterceptor : Opening JPA EntityManager in OpenEntityManagerInViewInterceptor
2026-04-11T12:52:24.296+07:00 DEBUG 41428 --- [restaurant-service] [nio-8085-exec-3] [69d9e198afb8a4a4859f8641007eb1c9-a3c8c78883dd1dfa] o.s.orm.jpa.JpaTransactionManager        : Found thread-bound EntityManager [SessionImpl(201451172<open>)] for JPA transaction
2026-04-11T12:52:24.296+07:00 DEBUG 41428 --- [restaurant-service] [nio-8085-exec-3] [69d9e198afb8a4a4859f8641007eb1c9-a3c8c78883dd1dfa] o.s.orm.jpa.JpaTransactionManager        : Creating new transaction with name [org.springframework.data.jpa.repository.support.SimpleJpaRepository.findAll]: PROPAGATION_REQUIRED,ISOLATION_DEFAULT,readOnly
2026-04-11T12:52:24.298+07:00 DEBUG 41428 --- [restaurant-service] [nio-8085-exec-3] [69d9e198afb8a4a4859f8641007eb1c9-a3c8c78883dd1dfa] o.s.orm.jpa.JpaTransactionManager        : Exposing JPA transaction as JDBC [org.springframework.orm.jpa.vendor.HibernateJpaDialect$HibernateConnectionHandle@7fc197f]
2026-04-11T12:52:24.301+07:00 DEBUG 41428 --- [restaurant-service] [nio-8085-exec-3] [69d9e198afb8a4a4859f8641007eb1c9-a3c8c78883dd1dfa] org.hibernate.SQL                        : 
    /* <criteria> */ select
        c1_0.id,
        c1_0.cate_name 
    from
        categories c1_0
Hibernate: 
    /* <criteria> */ select
        c1_0.id,
        c1_0.cate_name 
    from
        categories c1_0
2026-04-11T12:52:24.303+07:00 DEBUG 41428 --- [restaurant-service] [nio-8085-exec-3] [69d9e198afb8a4a4859f8641007eb1c9-a3c8c78883dd1dfa] o.s.orm.jpa.JpaTransactionManager        : Initiating transaction commit
2026-04-11T12:52:24.303+07:00 DEBUG 41428 --- [restaurant-service] [nio-8085-exec-3] [69d9e198afb8a4a4859f8641007eb1c9-a3c8c78883dd1dfa] o.s.orm.jpa.JpaTransactionManager        : Committing JPA transaction on EntityManager [SessionImpl(201451172<open>)]
2026-04-11T12:52:24.304+07:00 DEBUG 41428 --- [restaurant-service] [nio-8085-exec-3] [69d9e198afb8a4a4859f8641007eb1c9-a3c8c78883dd1dfa] o.s.orm.jpa.JpaTransactionManager        : Not closing pre-bound JPA EntityManager after transaction
List com.CNTTK18.restaurant_service.service.Impl.CateServiceImpl.getAllCategories() executed in 9ms
2026-04-11T12:52:24.306+07:00 DEBUG 41428 --- [restaurant-service] [nio-8085-exec-3] [69d9e198afb8a4a4859f8641007eb1c9-a3c8c78883dd1dfa] o.j.s.OpenEntityManagerInViewInterceptor : Closing JPA EntityManager in OpenEntityManagerInViewInterceptor
2026-04-11T12:52:27.428+07:00 DEBUG 41428 --- [restaurant-service] [l-1:housekeeper] [                                                 ] com.zaxxer.hikari.pool.HikariPool        : HikariPool-1 - keepalive: connection org.postgresql.jdbc.PgConnection@50497928 is alive
2026-04-11T12:52:33.265+07:00 DEBUG 41428 --- [restaurant-service] [l-1:housekeeper] [                                                 ] com.zaxxer.hikari.pool.HikariPool        : HikariPool-1 - keepalive: connection org.postgresql.jdbc.PgConnection@1fb38e95 is alive
2026-04-11T12:52:35.800+07:00 DEBUG 41428 --- [restaurant-service] [l-1:housekeeper] [                                                 ] com.zaxxer.hikari.pool.HikariPool        : HikariPool-1 - keepalive: connection org.postgresql.jdbc.PgConnection@2b7d2a19 is alive
2026-04-11T12:52:43.212+07:00 DEBUG 41428 --- [restaurant-service] [nio-8085-exec-8] [69d9e1ab07d6bd2b8575eb3bdc52a626-e5075c924b4fa441] o.j.s.OpenEntityManagerInViewInterceptor : Opening JPA EntityManager in OpenEntityManagerInViewInterceptor
2026-04-11T12:52:43.240+07:00 DEBUG 41428 --- [restaurant-service] [nio-8085-exec-8] [69d9e1ab07d6bd2b8575eb3bdc52a626-e5075c924b4fa441] o.s.orm.jpa.JpaTransactionManager        : Found thread-bound EntityManager [SessionImpl(1960668759<open>)] for JPA transaction
2026-04-11T12:52:43.241+07:00 DEBUG 41428 --- [restaurant-service] [nio-8085-exec-8] [69d9e1ab07d6bd2b8575eb3bdc52a626-e5075c924b4fa441] o.s.orm.jpa.JpaTransactionManager        : Creating new transaction with name [org.springframework.data.jpa.repository.support.SimpleJpaRepository.findAll]: PROPAGATION_REQUIRED,ISOLATION_DEFAULT,readOnly
2026-04-11T12:52:43.241+07:00 DEBUG 41428 --- [restaurant-service] [nio-8085-exec-8] [69d9e1ab07d6bd2b8575eb3bdc52a626-e5075c924b4fa441] o.s.orm.jpa.JpaTransactionManager        : Exposing JPA transaction as JDBC [org.springframework.orm.jpa.vendor.HibernateJpaDialect$HibernateConnectionHandle@3e98c1f9]
2026-04-11T12:52:43.242+07:00 DEBUG 41428 --- [restaurant-service] [nio-8085-exec-8] [69d9e1ab07d6bd2b8575eb3bdc52a626-e5075c924b4fa441] org.hibernate.SQL                        : 
    /* <criteria> */ select
        s1_0.id,
        s1_0.name 
    from
        size s1_0
Hibernate: 
    /* <criteria> */ select
        s1_0.id,
        s1_0.name 
    from
        size s1_0
2026-04-11T12:52:43.420+07:00 DEBUG 41428 --- [restaurant-service] [nio-8085-exec-8] [69d9e1ab07d6bd2b8575eb3bdc52a626-e5075c924b4fa441] o.s.orm.jpa.JpaTransactionManager        : Initiating transaction commit
2026-04-11T12:52:43.420+07:00 DEBUG 41428 --- [restaurant-service] [nio-8085-exec-8] [69d9e1ab07d6bd2b8575eb3bdc52a626-e5075c924b4fa441] o.s.orm.jpa.JpaTransactionManager        : Committing JPA transaction on EntityManager [SessionImpl(1960668759<open>)]
2026-04-11T12:52:43.422+07:00 DEBUG 41428 --- [restaurant-service] [nio-8085-exec-8] [69d9e1ab07d6bd2b8575eb3bdc52a626-e5075c924b4fa441] o.s.orm.jpa.JpaTransactionManager        : Not closing pre-bound JPA EntityManager after transaction
List com.CNTTK18.restaurant_service.service.Impl.SizeServiceImpl.getAllSize() executed in 187ms
2026-04-11T12:52:43.716+07:00 DEBUG 41428 --- [restaurant-service] [nio-8085-exec-8] [69d9e1ab07d6bd2b8575eb3bdc52a626-e5075c924b4fa441] o.j.s.OpenEntityManagerInViewInterceptor : Closing JPA EntityManager in OpenEntityManagerInViewInterceptor
2026-04-11T12:52:45.413+07:00 DEBUG 41428 --- [restaurant-service] [l-1:housekeeper] [                                                 ] com.zaxxer.hikari.pool.HikariPool        : HikariPool-1 - keepalive: connection org.postgresql.jdbc.PgConnection@530d8292 is alive
2026-04-11T12:52:47.369+07:00 DEBUG 41428 --- [restaurant-service] [l-1:housekeeper] [                                                 ] com.zaxxer.hikari.pool.HikariPool        : HikariPool-1 - Pool stats (total=10/10, idle=10/10, active=0, waiting=0)
2026-04-11T12:52:47.369+07:00 DEBUG 41428 --- [restaurant-service] [l-1:housekeeper] [                                                 ] com.zaxxer.hikari.pool.HikariPool        : HikariPool-1 - Fill pool skipped, pool has sufficient level or currently being filled.
2026-04-11T12:52:57.607+07:00 DEBUG 41428 --- [restaurant-service] [l-1:housekeeper] [                                                 ] com.zaxxer.hikari.pool.HikariPool        : HikariPool-1 - keepalive: connection org.postgresql.jdbc.PgConnection@154be5e5 is alive
2026-04-11T12:52:59.226+07:00  INFO 41428 --- [restaurant-service] [rap-executor-%d] [                                                 ] c.n.d.s.r.aws.ConfigClusterResolver      : Resolving eureka endpoints via configuration
2026-04-11T12:53:08.988+07:00 DEBUG 41428 --- [restaurant-service] [l-1:housekeeper] [                                                 ] com.zaxxer.hikari.pool.HikariPool        : HikariPool-1 - keepalive: connection org.postgresql.jdbc.PgConnection@67acbb07 is alive
2026-04-11T12:53:16.873+07:00 DEBUG 41428 --- [restaurant-service] [l-1:housekeeper] [                                                 ] com.zaxxer.hikari.pool.HikariPool        : HikariPool-1 - keepalive: connection org.postgresql.jdbc.PgConnection@11747313 is alive
2026-04-11T12:53:17.373+07:00 DEBUG 41428 --- [restaurant-service] [l-1:housekeeper] [                                                 ] com.zaxxer.hikari.pool.HikariPool        : HikariPool-1 - Pool stats (total=10/10, idle=10/10, active=0, waiting=0)
2026-04-11T12:53:17.373+07:00 DEBUG 41428 --- [restaurant-service] [l-1:housekeeper] [                                                 ] com.zaxxer.hikari.pool.HikariPool        : HikariPool-1 - Fill pool skipped, pool has sufficient level or currently being filled.
2026-04-11T12:53:47.383+07:00 DEBUG 41428 --- [restaurant-service] [l-1:housekeeper] [                                                 ] com.zaxxer.hikari.pool.HikariPool        : HikariPool-1 - Pool stats (total=10/10, idle=10/10, active=0, waiting=0)
2026-04-11T12:53:47.383+07:00 DEBUG 41428 --- [restaurant-service] [l-1:housekeeper] [                                                 ] com.zaxxer.hikari.pool.HikariPool        : HikariPool-1 - Fill pool skipped, pool has sufficient level or currently being filled.
2026-04-11T12:53:49.214+07:00 DEBUG 41428 --- [restaurant-service] [l-1:housekeeper] [                                                 ] com.zaxxer.hikari.pool.HikariPool        : HikariPool-1 - keepalive: connection org.postgresql.jdbc.PgConnection@30668667 is alive
2026-04-11T12:53:54.486+07:00 DEBUG 41428 --- [restaurant-service] [l-1:housekeeper] [                                                 ] com.zaxxer.hikari.pool.HikariPool        : HikariPool-1 - keepalive: connection org.postgresql.jdbc.PgConnection@61d38f0b is alive
2026-04-11T12:54:08.261+07:00 DEBUG 41428 --- [restaurant-service] [l-1:housekeeper] [                                                 ] com.zaxxer.hikari.pool.HikariPool        : HikariPool-1 - keepalive: connection org.postgresql.jdbc.PgConnection@f408beb is alive
2026-04-11T12:54:17.388+07:00 DEBUG 41428 --- [restaurant-service] [l-1:housekeeper] [                                                 ] com.zaxxer.hikari.pool.HikariPool        : HikariPool-1 - Pool stats (total=10/10, idle=10/10, active=0, waiting=0)
2026-04-11T12:54:17.389+07:00 DEBUG 41428 --- [restaurant-service] [l-1:housekeeper] [                                                 ] com.zaxxer.hikari.pool.HikariPool        : HikariPool-1 - Fill pool skipped, pool has sufficient level or currently being filled.
2026-04-11T12:54:23.358+07:00 DEBUG 41428 --- [restaurant-service] [l-1:housekeeper] [                                                 ] com.zaxxer.hikari.pool.HikariPool        : HikariPool-1 - keepalive: connection org.postgresql.jdbc.PgConnection@50497928 is alive
2026-04-11T12:54:30.463+07:00 DEBUG 41428 --- [restaurant-service] [l-1:housekeeper] [                                                 ] com.zaxxer.hikari.pool.HikariPool        : HikariPool-1 - keepalive: connection org.postgresql.jdbc.PgConnection@1fb38e95 is alive
2026-04-11T12:54:30.930+07:00 DEBUG 41428 --- [restaurant-service] [nio-8085-exec-6] [69d9e216cd60360c99a7b0158e876b17-0055fe739ebd7266] o.j.s.OpenEntityManagerInViewInterceptor : Opening JPA EntityManager in OpenEntityManagerInViewInterceptor
2026-04-11T12:54:30.931+07:00 DEBUG 41428 --- [restaurant-service] [nio-8085-exec-6] [69d9e216cd60360c99a7b0158e876b17-0055fe739ebd7266] o.s.orm.jpa.JpaTransactionManager        : Found thread-bound EntityManager [SessionImpl(100156907<open>)] for JPA transaction
2026-04-11T12:54:30.931+07:00 DEBUG 41428 --- [restaurant-service] [nio-8085-exec-6] [69d9e216cd60360c99a7b0158e876b17-0055fe739ebd7266] o.s.orm.jpa.JpaTransactionManager        : Creating new transaction with name [org.springframework.data.jpa.repository.support.SimpleJpaRepository.findAll]: PROPAGATION_REQUIRED,ISOLATION_DEFAULT,readOnly
2026-04-11T12:54:30.932+07:00 DEBUG 41428 --- [restaurant-service] [nio-8085-exec-6] [69d9e216cd60360c99a7b0158e876b17-0055fe739ebd7266] o.s.orm.jpa.JpaTransactionManager        : Exposing JPA transaction as JDBC [org.springframework.orm.jpa.vendor.HibernateJpaDialect$HibernateConnectionHandle@1c7c18c]
2026-04-11T12:54:30.935+07:00 DEBUG 41428 --- [restaurant-service] [nio-8085-exec-6] [69d9e216cd60360c99a7b0158e876b17-0055fe739ebd7266] org.hibernate.SQL                        : 
    /* <criteria> */ select
        s1_0.id,
        s1_0.name 
    from
        size s1_0
Hibernate: 
    /* <criteria> */ select
        s1_0.id,
        s1_0.name 
    from
        size s1_0
2026-04-11T12:54:30.938+07:00 DEBUG 41428 --- [restaurant-service] [nio-8085-exec-6] [69d9e216cd60360c99a7b0158e876b17-0055fe739ebd7266] o.s.orm.jpa.JpaTransactionManager        : Initiating transaction commit
2026-04-11T12:54:30.938+07:00 DEBUG 41428 --- [restaurant-service] [nio-8085-exec-6] [69d9e216cd60360c99a7b0158e876b17-0055fe739ebd7266] o.s.orm.jpa.JpaTransactionManager        : Committing JPA transaction on EntityManager [SessionImpl(100156907<open>)]
2026-04-11T12:54:30.939+07:00 DEBUG 41428 --- [restaurant-service] [nio-8085-exec-6] [69d9e216cd60360c99a7b0158e876b17-0055fe739ebd7266] o.s.orm.jpa.JpaTransactionManager        : Not closing pre-bound JPA EntityManager after transaction
List com.CNTTK18.restaurant_service.service.Impl.SizeServiceImpl.getAllSize() executed in 9ms
2026-04-11T12:54:30.942+07:00 DEBUG 41428 --- [restaurant-service] [nio-8085-exec-6] [69d9e216cd60360c99a7b0158e876b17-0055fe739ebd7266] o.j.s.OpenEntityManagerInViewInterceptor : Closing JPA EntityManager in OpenEntityManagerInViewInterceptor
2026-04-11T12:54:33.348+07:00 DEBUG 41428 --- [restaurant-service] [l-1:housekeeper] [                                                 ] com.zaxxer.hikari.pool.HikariPool        : HikariPool-1 - keepalive: connection org.postgresql.jdbc.PgConnection@2b7d2a19 is alive
2026-04-11T12:54:39.265+07:00 DEBUG 41428 --- [restaurant-service] [l-1:housekeeper] [                                                 ] com.zaxxer.hikari.pool.HikariPool        : HikariPool-1 - keepalive: connection org.postgresql.jdbc.PgConnection@154be5e5 is alive
2026-04-11T12:54:44.916+07:00 DEBUG 41428 --- [restaurant-service] [l-1:housekeeper] [                                                 ] com.zaxxer.hikari.pool.HikariPool        : HikariPool-1 - keepalive: connection org.postgresql.jdbc.PgConnection@530d8292 is alive
2026-04-11T12:54:47.403+07:00 DEBUG 41428 --- [restaurant-service] [l-1:housekeeper] [                                                 ] com.zaxxer.hikari.pool.HikariPool        : HikariPool-1 - Pool stats (total=10/10, idle=10/10, active=0, waiting=0)
2026-04-11T12:54:47.403+07:00 DEBUG 41428 --- [restaurant-service] [l-1:housekeeper] [                                                 ] com.zaxxer.hikari.pool.HikariPool        : HikariPool-1 - Fill pool skipped, pool has sufficient level or currently being filled.
2026-04-11T12:54:52.615+07:00 DEBUG 41428 --- [restaurant-service] [l-1:housekeeper] [                                                 ] com.zaxxer.hikari.pool.HikariPool        : HikariPool-1 - keepalive: connection org.postgresql.jdbc.PgConnection@67acbb07 is alive
2026-04-11T12:55:01.762+07:00 DEBUG 41428 --- [restaurant-service] [l-1:housekeeper] [                                                 ] com.zaxxer.hikari.pool.HikariPool        : HikariPool-1 - keepalive: connection org.postgresql.jdbc.PgConnection@11747313 is alive
2026-04-11T12:55:17.404+07:00 DEBUG 41428 --- [restaurant-service] [l-1:housekeeper] [                                                 ] com.zaxxer.hikari.pool.HikariPool        : HikariPool-1 - Pool stats (total=10/10, idle=10/10, active=0, waiting=0)
2026-04-11T12:55:17.404+07:00 DEBUG 41428 --- [restaurant-service] [l-1:housekeeper] [                                                 ] com.zaxxer.hikari.pool.HikariPool        : HikariPool-1 - Fill pool skipped, pool has sufficient level or currently being filled.
2026-04-11T12:55:39.395+07:00 DEBUG 41428 --- [restaurant-service] [l-1:housekeeper] [                                                 ] com.zaxxer.hikari.pool.HikariPool        : HikariPool-1 - keepalive: connection org.postgresql.jdbc.PgConnection@30668667 is alive
2026-04-11T12:55:45.570+07:00 DEBUG 41428 --- [restaurant-service] [l-1:housekeeper] [                                                 ] com.zaxxer.hikari.pool.HikariPool        : HikariPool-1 - keepalive: connection org.postgresql.jdbc.PgConnection@61d38f0b is alive
2026-04-11T12:55:47.406+07:00 DEBUG 41428 --- [restaurant-service] [l-1:housekeeper] [                                                 ] com.zaxxer.hikari.pool.HikariPool        : HikariPool-1 - Pool stats (total=10/10, idle=10/10, active=0, waiting=0)
2026-04-11T12:55:47.406+07:00 DEBUG 41428 --- [restaurant-service] [l-1:housekeeper] [                                                 ] com.zaxxer.hikari.pool.HikariPool        : HikariPool-1 - Fill pool skipped, pool has sufficient level or currently being filled.
2026-04-11T12:56:01.593+07:00 DEBUG 41428 --- [restaurant-service] [l-1:housekeeper] [                                                 ] com.zaxxer.hikari.pool.HikariPool        : HikariPool-1 - keepalive: connection org.postgresql.jdbc.PgConnection@f408beb is alive
2026-04-11T12:56:17.409+07:00 DEBUG 41428 --- [restaurant-service] [l-1:housekeeper] [                                                 ] com.zaxxer.hikari.pool.HikariPool        : HikariPool-1 - Pool stats (total=10/10, idle=10/10, active=0, waiting=0)
2026-04-11T12:56:17.409+07:00 DEBUG 41428 --- [restaurant-service] [l-1:housekeeper] [                                                 ] com.zaxxer.hikari.pool.HikariPool        : HikariPool-1 - Fill pool skipped, pool has sufficient level or currently being filled.
2026-04-11T12:56:19.282+07:00 DEBUG 41428 --- [restaurant-service] [l-1:housekeeper] [                                                 ] com.zaxxer.hikari.pool.HikariPool        : HikariPool-1 - keepalive: connection org.postgresql.jdbc.PgConnection@50497928 is alive
2026-04-11T12:56:20.916+07:00 DEBUG 41428 --- [restaurant-service] [l-1:housekeeper] [                                                 ] com.zaxxer.hikari.pool.HikariPool        : HikariPool-1 - keepalive: connection org.postgresql.jdbc.PgConnection@154be5e5 is alive
2026-04-11T12:56:27.655+07:00 DEBUG 41428 --- [restaurant-service] [l-1:housekeeper] [                                                 ] com.zaxxer.hikari.pool.HikariPool        : HikariPool-1 - keepalive: connection org.postgresql.jdbc.PgConnection@1fb38e95 is alive
2026-04-11T12:56:30.891+07:00 DEBUG 41428 --- [restaurant-service] [l-1:housekeeper] [                                                 ] com.zaxxer.hikari.pool.HikariPool        : HikariPool-1 - keepalive: connection org.postgresql.jdbc.PgConnection@2b7d2a19 is alive
2026-04-11T12:56:36.242+07:00 DEBUG 41428 --- [restaurant-service] [l-1:housekeeper] [                                                 ] com.zaxxer.hikari.pool.HikariPool        : HikariPool-1 - keepalive: connection org.postgresql.jdbc.PgConnection@67acbb07 is alive
2026-04-11T12:56:44.420+07:00 DEBUG 41428 --- [restaurant-service] [l-1:housekeeper] [                                                 ] com.zaxxer.hikari.pool.HikariPool        : HikariPool-1 - keepalive: connection org.postgresql.jdbc.PgConnection@530d8292 is alive
2026-04-11T12:56:46.658+07:00 DEBUG 41428 --- [restaurant-service] [l-1:housekeeper] [                                                 ] com.zaxxer.hikari.pool.HikariPool        : HikariPool-1 - keepalive: connection org.postgresql.jdbc.PgConnection@11747313 is alive
2026-04-11T12:56:47.418+07:00 DEBUG 41428 --- [restaurant-service] [l-1:housekeeper] [                                                 ] com.zaxxer.hikari.pool.HikariPool        : HikariPool-1 - Pool stats (total=10/10, idle=10/10, active=0, waiting=0)
2026-04-11T12:56:47.418+07:00 DEBUG 41428 --- [restaurant-service] [l-1:housekeeper] [                                                 ] com.zaxxer.hikari.pool.HikariPool        : HikariPool-1 - Fill pool skipped, pool has sufficient level or currently being filled.
2026-04-11T12:57:17.422+07:00 DEBUG 41428 --- [restaurant-service] [l-1:housekeeper] [                                                 ] com.zaxxer.hikari.pool.HikariPool        : HikariPool-1 - Pool stats (total=10/10, idle=10/10, active=0, waiting=0)
2026-04-11T12:57:17.422+07:00 DEBUG 41428 --- [restaurant-service] [l-1:housekeeper] [                                                 ] com.zaxxer.hikari.pool.HikariPool        : HikariPool-1 - Fill pool skipped, pool has sufficient level or currently being filled.
2026-04-11T12:57:29.566+07:00 DEBUG 41428 --- [restaurant-service] [l-1:housekeeper] [                                                 ] com.zaxxer.hikari.pool.HikariPool        : HikariPool-1 - keepalive: connection org.postgresql.jdbc.PgConnection@30668667 is alive
2026-04-11T12:57:36.653+07:00 DEBUG 41428 --- [restaurant-service] [l-1:housekeeper] [                                                 ] com.zaxxer.hikari.pool.HikariPool        : HikariPool-1 - keepalive: connection org.postgresql.jdbc.PgConnection@61d38f0b is alive
2026-04-11T12:57:47.429+07:00 DEBUG 41428 --- [restaurant-service] [l-1:housekeeper] [                                                 ] com.zaxxer.hikari.pool.HikariPool        : HikariPool-1 - Pool stats (total=10/10, idle=10/10, active=0, waiting=0)
2026-04-11T12:57:47.429+07:00 DEBUG 41428 --- [restaurant-service] [l-1:housekeeper] [                                                 ] com.zaxxer.hikari.pool.HikariPool        : HikariPool-1 - Fill pool skipped, pool has sufficient level or currently being filled.
2026-04-11T12:57:54.919+07:00 DEBUG 41428 --- [restaurant-service] [l-1:housekeeper] [                                                 ] com.zaxxer.hikari.pool.HikariPool        : HikariPool-1 - keepalive: connection org.postgresql.jdbc.PgConnection@f408beb is alive
2026-04-11T12:57:59.230+07:00  INFO 41428 --- [restaurant-service] [rap-executor-%d] [                                                 ] c.n.d.s.r.aws.ConfigClusterResolver      : Resolving eureka endpoints via configuration
2026-04-11T12:58:02.574+07:00 DEBUG 41428 --- [restaurant-service] [l-1:housekeeper] [                                                 ] com.zaxxer.hikari.pool.HikariPool        : HikariPool-1 - keepalive: connection org.postgresql.jdbc.PgConnection@154be5e5 is alive
2026-04-11T12:58:15.211+07:00 DEBUG 41428 --- [restaurant-service] [l-1:housekeeper] [                                                 ] com.zaxxer.hikari.pool.HikariPool        : HikariPool-1 - keepalive: connection org.postgresql.jdbc.PgConnection@50497928 is alive
2026-04-11T12:58:17.432+07:00 DEBUG 41428 --- [restaurant-service] [l-1:housekeeper] [                                                 ] com.zaxxer.hikari.pool.HikariPool        : HikariPool-1 - Pool stats (total=10/10, idle=10/10, active=0, waiting=0)
2026-04-11T12:58:17.432+07:00 DEBUG 41428 --- [restaurant-service] [l-1:housekeeper] [                                                 ] com.zaxxer.hikari.pool.HikariPool        : HikariPool-1 - Fill pool skipped, pool has sufficient level or currently being filled.
2026-04-11T12:58:19.862+07:00 DEBUG 41428 --- [restaurant-service] [l-1:housekeeper] [                                                 ] com.zaxxer.hikari.pool.HikariPool        : HikariPool-1 - keepalive: connection org.postgresql.jdbc.PgConnection@67acbb07 is alive
2026-04-11T12:58:24.848+07:00 DEBUG 41428 --- [restaurant-service] [l-1:housekeeper] [                                                 ] com.zaxxer.hikari.pool.HikariPool        : HikariPool-1 - keepalive: connection org.postgresql.jdbc.PgConnection@1fb38e95 is alive
2026-04-11T12:58:28.438+07:00 DEBUG 41428 --- [restaurant-service] [l-1:housekeeper] [                                                 ] com.zaxxer.hikari.pool.HikariPool        : HikariPool-1 - keepalive: connection org.postgresql.jdbc.PgConnection@2b7d2a19 is alive
2026-04-11T12:58:31.559+07:00 DEBUG 41428 --- [restaurant-service] [l-1:housekeeper] [                                                 ] com.zaxxer.hikari.pool.HikariPool        : HikariPool-1 - keepalive: connection org.postgresql.jdbc.PgConnection@11747313 is alive
2026-04-11T12:58:43.924+07:00 DEBUG 41428 --- [restaurant-service] [l-1:housekeeper] [                                                 ] com.zaxxer.hikari.pool.HikariPool        : HikariPool-1 - keepalive: connection org.postgresql.jdbc.PgConnection@530d8292 is alive
2026-04-11T12:58:47.439+07:00 DEBUG 41428 --- [restaurant-service] [l-1:housekeeper] [                                                 ] com.zaxxer.hikari.pool.HikariPool        : HikariPool-1 - Pool stats (total=10/10, idle=10/10, active=0, waiting=0)
2026-04-11T12:58:47.439+07:00 DEBUG 41428 --- [restaurant-service] [l-1:housekeeper] [                                                 ] com.zaxxer.hikari.pool.HikariPool        : HikariPool-1 - Fill pool skipped, pool has sufficient level or currently being filled.
2026-04-11T12:59:17.454+07:00 DEBUG 41428 --- [restaurant-service] [l-1:housekeeper] [                                                 ] com.zaxxer.hikari.pool.HikariPool        : HikariPool-1 - Pool stats (total=10/10, idle=10/10, active=0, waiting=0)
2026-04-11T12:59:17.454+07:00 DEBUG 41428 --- [restaurant-service] [l-1:housekeeper] [                                                 ] com.zaxxer.hikari.pool.HikariPool        : HikariPool-1 - Fill pool skipped, pool has sufficient level or currently being filled.
2026-04-11T12:59:19.737+07:00 DEBUG 41428 --- [restaurant-service] [l-1:housekeeper] [                                                 ] com.zaxxer.hikari.pool.HikariPool        : HikariPool-1 - keepalive: connection org.postgresql.jdbc.PgConnection@30668667 is alive
2026-04-11T12:59:27.728+07:00 DEBUG 41428 --- [restaurant-service] [l-1:housekeeper] [                                                 ] com.zaxxer.hikari.pool.HikariPool        : HikariPool-1 - keepalive: connection org.postgresql.jdbc.PgConnection@61d38f0b is alive
2026-04-11T12:59:44.238+07:00 DEBUG 41428 --- [restaurant-service] [l-1:housekeeper] [                                                 ] com.zaxxer.hikari.pool.HikariPool        : HikariPool-1 - keepalive: connection org.postgresql.jdbc.PgConnection@154be5e5 is alive
2026-04-11T12:59:47.457+07:00 DEBUG 41428 --- [restaurant-service] [l-1:housekeeper] [                                                 ] com.zaxxer.hikari.pool.HikariPool        : HikariPool-1 - Pool stats (total=10/10, idle=10/10, active=0, waiting=0)
2026-04-11T12:59:47.457+07:00 DEBUG 41428 --- [restaurant-service] [l-1:housekeeper] [                                                 ] com.zaxxer.hikari.pool.HikariPool        : HikariPool-1 - Fill pool skipped, pool has sufficient level or currently being filled.
2026-04-11T12:59:48.244+07:00 DEBUG 41428 --- [restaurant-service] [l-1:housekeeper] [                                                 ] com.zaxxer.hikari.pool.HikariPool        : HikariPool-1 - keepalive: connection org.postgresql.jdbc.PgConnection@f408beb is alive
2026-04-11T13:00:03.482+07:00 DEBUG 41428 --- [restaurant-service] [l-1:housekeeper] [                                                 ] com.zaxxer.hikari.pool.HikariPool        : HikariPool-1 - keepalive: connection org.postgresql.jdbc.PgConnection@67acbb07 is alive
2026-04-11T13:00:11.137+07:00 DEBUG 41428 --- [restaurant-service] [l-1:housekeeper] [                                                 ] com.zaxxer.hikari.pool.HikariPool        : HikariPool-1 - keepalive: connection org.postgresql.jdbc.PgConnection@50497928 is alive
2026-04-11T13:00:16.455+07:00 DEBUG 41428 --- [restaurant-service] [l-1:housekeeper] [                                                 ] com.zaxxer.hikari.pool.HikariPool        : HikariPool-1 - keepalive: connection org.postgresql.jdbc.PgConnection@11747313 is alive
2026-04-11T13:00:17.473+07:00 DEBUG 41428 --- [restaurant-service] [l-1:housekeeper] [                                                 ] com.zaxxer.hikari.pool.HikariPool        : HikariPool-1 - Pool stats (total=10/10, idle=10/10, active=0, waiting=0)
2026-04-11T13:00:17.473+07:00 DEBUG 41428 --- [restaurant-service] [l-1:housekeeper] [                                                 ] com.zaxxer.hikari.pool.HikariPool        : HikariPool-1 - Fill pool skipped, pool has sufficient level or currently being filled.
2026-04-11T13:00:22.046+07:00 DEBUG 41428 --- [restaurant-service] [l-1:housekeeper] [                                                 ] com.zaxxer.hikari.pool.HikariPool        : HikariPool-1 - keepalive: connection org.postgresql.jdbc.PgConnection@1fb38e95 is alive
2026-04-11T13:00:25.979+07:00 DEBUG 41428 --- [restaurant-service] [l-1:housekeeper] [                                                 ] com.zaxxer.hikari.pool.HikariPool        : HikariPool-1 - keepalive: connection org.postgresql.jdbc.PgConnection@2b7d2a19 is alive
2026-04-11T13:00:43.427+07:00 DEBUG 41428 --- [restaurant-service] [l-1:housekeeper] [                                                 ] com.zaxxer.hikari.pool.HikariPool        : HikariPool-1 - keepalive: connection org.postgresql.jdbc.PgConnection@530d8292 is alive
2026-04-11T13:00:47.476+07:00 DEBUG 41428 --- [restaurant-service] [l-1:housekeeper] [                                                 ] com.zaxxer.hikari.pool.HikariPool        : HikariPool-1 - Pool stats (total=10/10, idle=10/10, active=0, waiting=0)
2026-04-11T13:00:47.476+07:00 DEBUG 41428 --- [restaurant-service] [l-1:housekeeper] [                                                 ] com.zaxxer.hikari.pool.HikariPool        : HikariPool-1 - Fill pool skipped, pool has sufficient level or currently being filled.
2026-04-11T13:01:09.908+07:00 DEBUG 41428 --- [restaurant-service] [l-1:housekeeper] [                                                 ] com.zaxxer.hikari.pool.HikariPool        : HikariPool-1 - keepalive: connection org.postgresql.jdbc.PgConnection@30668667 is alive
2026-04-11T13:01:17.483+07:00 DEBUG 41428 --- [restaurant-service] [l-1:housekeeper] [                                                 ] com.zaxxer.hikari.pool.HikariPool        : HikariPool-1 - Pool stats (total=10/10, idle=10/10, active=0, waiting=0)
2026-04-11T13:01:17.483+07:00 DEBUG 41428 --- [restaurant-service] [l-1:housekeeper] [                                                 ] com.zaxxer.hikari.pool.HikariPool        : HikariPool-1 - Fill pool skipped, pool has sufficient level or currently being filled.
2026-04-11T13:01:18.811+07:00 DEBUG 41428 --- [restaurant-service] [l-1:housekeeper] [                                                 ] com.zaxxer.hikari.pool.HikariPool        : HikariPool-1 - keepalive: connection org.postgresql.jdbc.PgConnection@61d38f0b is alive
2026-04-11T13:01:25.893+07:00 DEBUG 41428 --- [restaurant-service] [l-1:housekeeper] [                                                 ] com.zaxxer.hikari.pool.HikariPool        : HikariPool-1 - keepalive: connection org.postgresql.jdbc.PgConnection@154be5e5 is alive
2026-04-11T13:01:41.580+07:00 DEBUG 41428 --- [restaurant-service] [l-1:housekeeper] [                                                 ] com.zaxxer.hikari.pool.HikariPool        : HikariPool-1 - keepalive: connection org.postgresql.jdbc.PgConnection@f408beb is alive
2026-04-11T13:01:47.104+07:00 DEBUG 41428 --- [restaurant-service] [l-1:housekeeper] [                                                 ] com.zaxxer.hikari.pool.HikariPool        : HikariPool-1 - keepalive: connection org.postgresql.jdbc.PgConnection@67acbb07 is alive
2026-04-11T13:01:47.489+07:00 DEBUG 41428 --- [restaurant-service] [l-1:housekeeper] [                                                 ] com.zaxxer.hikari.pool.HikariPool        : HikariPool-1 - Pool stats (total=10/10, idle=10/10, active=0, waiting=0)
2026-04-11T13:01:47.489+07:00 DEBUG 41428 --- [restaurant-service] [l-1:housekeeper] [                                                 ] com.zaxxer.hikari.pool.HikariPool        : HikariPool-1 - Fill pool skipped, pool has sufficient level or currently being filled.
2026-04-11T13:02:01.358+07:00 DEBUG 41428 --- [restaurant-service] [l-1:housekeeper] [                                                 ] com.zaxxer.hikari.pool.HikariPool        : HikariPool-1 - keepalive: connection org.postgresql.jdbc.PgConnection@11747313 is alive
2026-04-11T13:02:07.063+07:00 DEBUG 41428 --- [restaurant-service] [l-1:housekeeper] [                                                 ] com.zaxxer.hikari.pool.HikariPool        : HikariPool-1 - keepalive: connection org.postgresql.jdbc.PgConnection@50497928 is alive
2026-04-11T13:02:17.495+07:00 DEBUG 41428 --- [restaurant-service] [l-1:housekeeper] [                                                 ] com.zaxxer.hikari.pool.HikariPool        : HikariPool-1 - Pool stats (total=10/10, idle=10/10, active=0, waiting=0)
2026-04-11T13:02:17.495+07:00 DEBUG 41428 --- [restaurant-service] [l-1:housekeeper] [                                                 ] com.zaxxer.hikari.pool.HikariPool        : HikariPool-1 - Fill pool skipped, pool has sufficient level or currently being filled.
2026-04-11T13:02:19.243+07:00 DEBUG 41428 --- [restaurant-service] [l-1:housekeeper] [                                                 ] com.zaxxer.hikari.pool.HikariPool        : HikariPool-1 - keepalive: connection org.postgresql.jdbc.PgConnection@1fb38e95 is alive
2026-04-11T13:02:23.527+07:00 DEBUG 41428 --- [restaurant-service] [l-1:housekeeper] [                                                 ] com.zaxxer.hikari.pool.HikariPool        : HikariPool-1 - keepalive: connection org.postgresql.jdbc.PgConnection@2b7d2a19 is alive
2026-04-11T13:02:42.932+07:00 DEBUG 41428 --- [restaurant-service] [l-1:housekeeper] [                                                 ] com.zaxxer.hikari.pool.HikariPool        : HikariPool-1 - keepalive: connection org.postgresql.jdbc.PgConnection@530d8292 is alive
2026-04-11T13:02:47.495+07:00 DEBUG 41428 --- [restaurant-service] [l-1:housekeeper] [                                                 ] com.zaxxer.hikari.pool.HikariPool        : HikariPool-1 - Pool stats (total=10/10, idle=10/10, active=0, waiting=0)
2026-04-11T13:02:47.495+07:00 DEBUG 41428 --- [restaurant-service] [l-1:housekeeper] [                                                 ] com.zaxxer.hikari.pool.HikariPool        : HikariPool-1 - Fill pool skipped, pool has sufficient level or currently being filled.
2026-04-11T13:02:59.235+07:00  INFO 41428 --- [restaurant-service] [rap-executor-%d] [                                                 ] c.n.d.s.r.aws.ConfigClusterResolver      : Resolving eureka endpoints via configuration
2026-04-11T13:03:00.089+07:00 DEBUG 41428 --- [restaurant-service] [l-1:housekeeper] [                                                 ] com.zaxxer.hikari.pool.HikariPool        : HikariPool-1 - keepalive: connection org.postgresql.jdbc.PgConnection@30668667 is alive
2026-04-11T13:03:07.548+07:00 DEBUG 41428 --- [restaurant-service] [l-1:housekeeper] [                                                 ] com.zaxxer.hikari.pool.HikariPool        : HikariPool-1 - keepalive: connection org.postgresql.jdbc.PgConnection@154be5e5 is alive
2026-04-11T13:03:09.900+07:00 DEBUG 41428 --- [restaurant-service] [l-1:housekeeper] [                                                 ] com.zaxxer.hikari.pool.HikariPool        : HikariPool-1 - keepalive: connection org.postgresql.jdbc.PgConnection@61d38f0b is alive
2026-04-11T13:03:17.499+07:00 DEBUG 41428 --- [restaurant-service] [l-1:housekeeper] [                                                 ] com.zaxxer.hikari.pool.HikariPool        : HikariPool-1 - Pool stats (total=10/10, idle=10/10, active=0, waiting=0)
2026-04-11T13:03:17.500+07:00 DEBUG 41428 --- [restaurant-service] [l-1:housekeeper] [                                                 ] com.zaxxer.hikari.pool.HikariPool        : HikariPool-1 - Fill pool skipped, pool has sufficient level or currently being filled.
2026-04-11T13:03:30.726+07:00 DEBUG 41428 --- [restaurant-service] [l-1:housekeeper] [                                                 ] com.zaxxer.hikari.pool.HikariPool        : HikariPool-1 - keepalive: connection org.postgresql.jdbc.PgConnection@67acbb07 is alive
2026-04-11T13:03:34.914+07:00 DEBUG 41428 --- [restaurant-service] [l-1:housekeeper] [                                                 ] com.zaxxer.hikari.pool.HikariPool        : HikariPool-1 - keepalive: connection org.postgresql.jdbc.PgConnection@f408beb is alive
2026-04-11T13:03:46.247+07:00 DEBUG 41428 --- [restaurant-service] [l-1:housekeeper] [                                                 ] com.zaxxer.hikari.pool.HikariPool        : HikariPool-1 - keepalive: connection org.postgresql.jdbc.PgConnection@11747313 is alive
2026-04-11T13:03:47.507+07:00 DEBUG 41428 --- [restaurant-service] [l-1:housekeeper] [                                                 ] com.zaxxer.hikari.pool.HikariPool        : HikariPool-1 - Pool stats (total=10/10, idle=10/10, active=0, waiting=0)
2026-04-11T13:03:47.507+07:00 DEBUG 41428 --- [restaurant-service] [l-1:housekeeper] [                                                 ] com.zaxxer.hikari.pool.HikariPool        : HikariPool-1 - Fill pool skipped, pool has sufficient level or currently being filled.
2026-04-11T13:04:02.986+07:00 DEBUG 41428 --- [restaurant-service] [l-1:housekeeper] [                                                 ] com.zaxxer.hikari.pool.HikariPool        : HikariPool-1 - keepalive: connection org.postgresql.jdbc.PgConnection@50497928 is alive
2026-04-11T13:04:16.440+07:00 DEBUG 41428 --- [restaurant-service] [l-1:housekeeper] [                                                 ] com.zaxxer.hikari.pool.HikariPool        : HikariPool-1 - keepalive: connection org.postgresql.jdbc.PgConnection@1fb38e95 is alive
2026-04-11T13:04:17.510+07:00 DEBUG 41428 --- [restaurant-service] [l-1:housekeeper] [                                                 ] com.zaxxer.hikari.pool.HikariPool        : HikariPool-1 - Pool stats (total=10/10, idle=10/10, active=0, waiting=0)
2026-04-11T13:04:17.510+07:00 DEBUG 41428 --- [restaurant-service] [l-1:housekeeper] [                                                 ] com.zaxxer.hikari.pool.HikariPool        : HikariPool-1 - Fill pool skipped, pool has sufficient level or currently being filled.
2026-04-11T13:04:21.069+07:00 DEBUG 41428 --- [restaurant-service] [l-1:housekeeper] [                                                 ] com.zaxxer.hikari.pool.HikariPool        : HikariPool-1 - keepalive: connection org.postgresql.jdbc.PgConnection@2b7d2a19 is alive
2026-04-11T13:04:42.437+07:00 DEBUG 41428 --- [restaurant-service] [l-1:housekeeper] [                                                 ] com.zaxxer.hikari.pool.HikariPool        : HikariPool-1 - keepalive: connection org.postgresql.jdbc.PgConnection@530d8292 is alive
2026-04-11T13:04:47.525+07:00 DEBUG 41428 --- [restaurant-service] [l-1:housekeeper] [                                                 ] com.zaxxer.hikari.pool.HikariPool        : HikariPool-1 - Pool stats (total=10/10, idle=10/10, active=0, waiting=0)
2026-04-11T13:04:47.525+07:00 DEBUG 41428 --- [restaurant-service] [l-1:housekeeper] [                                                 ] com.zaxxer.hikari.pool.HikariPool        : HikariPool-1 - Fill pool skipped, pool has sufficient level or currently being filled.
2026-04-11T13:04:49.202+07:00 DEBUG 41428 --- [restaurant-service] [l-1:housekeeper] [                                                 ] com.zaxxer.hikari.pool.HikariPool        : HikariPool-1 - keepalive: connection org.postgresql.jdbc.PgConnection@154be5e5 is alive
2026-04-11T13:04:50.258+07:00 DEBUG 41428 --- [restaurant-service] [l-1:housekeeper] [                                                 ] com.zaxxer.hikari.pool.HikariPool        : HikariPool-1 - keepalive: connection org.postgresql.jdbc.PgConnection@30668667 is alive
2026-04-11T13:05:00.989+07:00 DEBUG 41428 --- [restaurant-service] [l-1:housekeeper] [                                                 ] com.zaxxer.hikari.pool.HikariPool        : HikariPool-1 - keepalive: connection org.postgresql.jdbc.PgConnection@61d38f0b is alive
2026-04-11T13:05:14.348+07:00 DEBUG 41428 --- [restaurant-service] [l-1:housekeeper] [                                                 ] com.zaxxer.hikari.pool.HikariPool        : HikariPool-1 - keepalive: connection org.postgresql.jdbc.PgConnection@67acbb07 is alive
2026-04-11T13:05:17.536+07:00 DEBUG 41428 --- [restaurant-service] [l-1:housekeeper] [                                                 ] com.zaxxer.hikari.pool.HikariPool        : HikariPool-1 - Pool stats (total=10/10, idle=10/10, active=0, waiting=0)
2026-04-11T13:05:17.536+07:00 DEBUG 41428 --- [restaurant-service] [l-1:housekeeper] [                                                 ] com.zaxxer.hikari.pool.HikariPool        : HikariPool-1 - Fill pool skipped, pool has sufficient level or currently being filled.
2026-04-11T13:05:22.725+07:00 DEBUG 41428 --- [restaurant-service] [nnection-closer] [                                                 ] com.zaxxer.hikari.pool.PoolBase          : HikariPool-1 - Closing connection org.postgresql.jdbc.PgConnection@2b7d2a19: (connection has passed maxLifetime)
2026-04-11T13:05:22.810+07:00 DEBUG 41428 --- [restaurant-service] [onnection-adder] [                                                 ] com.zaxxer.hikari.pool.PoolBase          : HikariPool-1 - Attempting to create/setup new connection (8f2315b2-1a28-41e8-a67f-1c4f83bb98b5)
2026-04-11T13:05:24.130+07:00 DEBUG 41428 --- [restaurant-service] [onnection-adder] [                                                 ] com.zaxxer.hikari.pool.PoolBase          : HikariPool-1 - Established new connection (8f2315b2-1a28-41e8-a67f-1c4f83bb98b5)
2026-04-11T13:05:24.131+07:00 DEBUG 41428 --- [restaurant-service] [onnection-adder] [                                                 ] com.zaxxer.hikari.pool.HikariPool        : HikariPool-1 - Added connection org.postgresql.jdbc.PgConnection@226ef458
2026-04-11T13:05:28.238+07:00 DEBUG 41428 --- [restaurant-service] [l-1:housekeeper] [                                                 ] com.zaxxer.hikari.pool.HikariPool        : HikariPool-1 - keepalive: connection org.postgresql.jdbc.PgConnection@f408beb is alive
2026-04-11T13:05:31.148+07:00 DEBUG 41428 --- [restaurant-service] [l-1:housekeeper] [                                                 ] com.zaxxer.hikari.pool.HikariPool        : HikariPool-1 - keepalive: connection org.postgresql.jdbc.PgConnection@11747313 is alive
2026-04-11T13:05:47.541+07:00 DEBUG 41428 --- [restaurant-service] [l-1:housekeeper] [                                                 ] com.zaxxer.hikari.pool.HikariPool        : HikariPool-1 - Pool stats (total=10/10, idle=10/10, active=0, waiting=0)
2026-04-11T13:05:47.541+07:00 DEBUG 41428 --- [restaurant-service] [l-1:housekeeper] [                                                 ] com.zaxxer.hikari.pool.HikariPool        : HikariPool-1 - Fill pool skipped, pool has sufficient level or currently being filled.
2026-04-11T13:05:58.910+07:00 DEBUG 41428 --- [restaurant-service] [l-1:housekeeper] [                                                 ] com.zaxxer.hikari.pool.HikariPool        : HikariPool-1 - keepalive: connection org.postgresql.jdbc.PgConnection@50497928 is alive
2026-04-11T13:06:13.627+07:00 DEBUG 41428 --- [restaurant-service] [l-1:housekeeper] [                                                 ] com.zaxxer.hikari.pool.HikariPool        : HikariPool-1 - keepalive: connection org.postgresql.jdbc.PgConnection@1fb38e95 is alive
2026-04-11T13:06:17.541+07:00 DEBUG 41428 --- [restaurant-service] [l-1:housekeeper] [                                                 ] com.zaxxer.hikari.pool.HikariPool        : HikariPool-1 - Pool stats (total=10/10, idle=10/10, active=0, waiting=0)
2026-04-11T13:06:17.541+07:00 DEBUG 41428 --- [restaurant-service] [l-1:housekeeper] [                                                 ] com.zaxxer.hikari.pool.HikariPool        : HikariPool-1 - Fill pool skipped, pool has sufficient level or currently being filled.
2026-04-11T13:06:30.857+07:00 DEBUG 41428 --- [restaurant-service] [l-1:housekeeper] [                                                 ] com.zaxxer.hikari.pool.HikariPool        : HikariPool-1 - keepalive: connection org.postgresql.jdbc.PgConnection@154be5e5 is alive
2026-04-11T13:06:40.431+07:00 DEBUG 41428 --- [restaurant-service] [l-1:housekeeper] [                                                 ] com.zaxxer.hikari.pool.HikariPool        : HikariPool-1 - keepalive: connection org.postgresql.jdbc.PgConnection@30668667 is alive
2026-04-11T13:06:41.935+07:00 DEBUG 41428 --- [restaurant-service] [l-1:housekeeper] [                                                 ] com.zaxxer.hikari.pool.HikariPool        : HikariPool-1 - keepalive: connection org.postgresql.jdbc.PgConnection@530d8292 is alive
2026-04-11T13:06:47.543+07:00 DEBUG 41428 --- [restaurant-service] [l-1:housekeeper] [                                                 ] com.zaxxer.hikari.pool.HikariPool        : HikariPool-1 - Pool stats (total=10/10, idle=10/10, active=0, waiting=0)
2026-04-11T13:06:47.543+07:00 DEBUG 41428 --- [restaurant-service] [l-1:housekeeper] [                                                 ] com.zaxxer.hikari.pool.HikariPool        : HikariPool-1 - Fill pool skipped, pool has sufficient level or currently being filled.
2026-04-11T13:06:52.063+07:00 DEBUG 41428 --- [restaurant-service] [l-1:housekeeper] [                                                 ] com.zaxxer.hikari.pool.HikariPool        : HikariPool-1 - keepalive: connection org.postgresql.jdbc.PgConnection@61d38f0b is alive
2026-04-11T13:06:57.979+07:00 DEBUG 41428 --- [restaurant-service] [l-1:housekeeper] [                                                 ] com.zaxxer.hikari.pool.HikariPool        : HikariPool-1 - keepalive: connection org.postgresql.jdbc.PgConnection@67acbb07 is alive
2026-04-11T13:07:06.616+07:00 DEBUG 41428 --- [restaurant-service] [l-1:housekeeper] [                                                 ] com.zaxxer.hikari.pool.HikariPool        : HikariPool-1 - keepalive: connection org.postgresql.jdbc.PgConnection@226ef458 is alive
2026-04-11T13:07:13.146+07:00 DEBUG 41428 --- [restaurant-service] [nnection-closer] [                                                 ] com.zaxxer.hikari.pool.PoolBase          : HikariPool-1 - Closing connection org.postgresql.jdbc.PgConnection@11747313: (connection has passed maxLifetime)
2026-04-11T13:07:13.154+07:00 DEBUG 41428 --- [restaurant-service] [onnection-adder] [                                                 ] com.zaxxer.hikari.pool.PoolBase          : HikariPool-1 - Attempting to create/setup new connection (780a4203-6f76-435c-b15f-3cc4a91b6b6c)
2026-04-11T13:07:13.212+07:00 DEBUG 41428 --- [restaurant-service] [onnection-adder] [                                                 ] com.zaxxer.hikari.pool.PoolBase          : HikariPool-1 - Established new connection (780a4203-6f76-435c-b15f-3cc4a91b6b6c)
2026-04-11T13:07:13.212+07:00 DEBUG 41428 --- [restaurant-service] [onnection-adder] [                                                 ] com.zaxxer.hikari.pool.HikariPool        : HikariPool-1 - Added connection org.postgresql.jdbc.PgConnection@44f97de1
2026-04-11T13:07:17.548+07:00 DEBUG 41428 --- [restaurant-service] [l-1:housekeeper] [                                                 ] com.zaxxer.hikari.pool.HikariPool        : HikariPool-1 - Pool stats (total=10/10, idle=10/10, active=0, waiting=0)
2026-04-11T13:07:17.549+07:00 DEBUG 41428 --- [restaurant-service] [l-1:housekeeper] [                                                 ] com.zaxxer.hikari.pool.HikariPool        : HikariPool-1 - Fill pool skipped, pool has sufficient level or currently being filled.
2026-04-11T13:07:21.561+07:00 DEBUG 41428 --- [restaurant-service] [l-1:housekeeper] [                                                 ] com.zaxxer.hikari.pool.HikariPool        : HikariPool-1 - keepalive: connection org.postgresql.jdbc.PgConnection@f408beb is alive
2026-04-11T13:07:35.712+07:00 DEBUG 41428 --- [restaurant-service] [nnection-closer] [                                                 ] com.zaxxer.hikari.pool.PoolBase          : HikariPool-1 - Closing connection org.postgresql.jdbc.PgConnection@61d38f0b: (connection has passed maxLifetime)
2026-04-11T13:07:35.713+07:00 DEBUG 41428 --- [restaurant-service] [onnection-adder] [                                                 ] com.zaxxer.hikari.pool.PoolBase          : HikariPool-1 - Attempting to create/setup new connection (c324b3c6-97fe-4048-8a26-d9406dfbef33)
2026-04-11T13:07:35.764+07:00 DEBUG 41428 --- [restaurant-service] [onnection-adder] [                                                 ] com.zaxxer.hikari.pool.PoolBase          : HikariPool-1 - Established new connection (c324b3c6-97fe-4048-8a26-d9406dfbef33)
2026-04-11T13:07:35.764+07:00 DEBUG 41428 --- [restaurant-service] [onnection-adder] [                                                 ] com.zaxxer.hikari.pool.HikariPool        : HikariPool-1 - Added connection org.postgresql.jdbc.PgConnection@e4dbfbd
2026-04-11T13:07:38.445+07:00 DEBUG 41428 --- [restaurant-service] [nnection-closer] [                                                 ] com.zaxxer.hikari.pool.PoolBase          : HikariPool-1 - Closing connection org.postgresql.jdbc.PgConnection@50497928: (connection has passed maxLifetime)
2026-04-11T13:07:38.446+07:00 DEBUG 41428 --- [restaurant-service] [onnection-adder] [                                                 ] com.zaxxer.hikari.pool.PoolBase          : HikariPool-1 - Attempting to create/setup new connection (904f3716-0906-4573-803a-8c03f2a4ced8)
2026-04-11T13:07:38.523+07:00 DEBUG 41428 --- [restaurant-service] [onnection-adder] [                                                 ] com.zaxxer.hikari.pool.PoolBase          : HikariPool-1 - Established new connection (904f3716-0906-4573-803a-8c03f2a4ced8)
2026-04-11T13:07:38.523+07:00 DEBUG 41428 --- [restaurant-service] [onnection-adder] [                                                 ] com.zaxxer.hikari.pool.HikariPool        : HikariPool-1 - Added connection org.postgresql.jdbc.PgConnection@4b5d4cd
2026-04-11T13:07:47.562+07:00 DEBUG 41428 --- [restaurant-service] [l-1:housekeeper] [                                                 ] com.zaxxer.hikari.pool.HikariPool        : HikariPool-1 - Pool stats (total=10/10, idle=10/10, active=0, waiting=0)
2026-04-11T13:07:47.562+07:00 DEBUG 41428 --- [restaurant-service] [l-1:housekeeper] [                                                 ] com.zaxxer.hikari.pool.HikariPool        : HikariPool-1 - Fill pool skipped, pool has sufficient level or currently being filled.
2026-04-11T13:07:59.248+07:00  INFO 41428 --- [restaurant-service] [rap-executor-%d] [                                                 ] c.n.d.s.r.aws.ConfigClusterResolver      : Resolving eureka endpoints via configuration
2026-04-11T13:08:10.826+07:00 DEBUG 41428 --- [restaurant-service] [l-1:housekeeper] [                                                 ] com.zaxxer.hikari.pool.HikariPool        : HikariPool-1 - keepalive: connection org.postgresql.jdbc.PgConnection@1fb38e95 is alive
2026-04-11T13:08:12.516+07:00 DEBUG 41428 --- [restaurant-service] [l-1:housekeeper] [                                                 ] com.zaxxer.hikari.pool.HikariPool        : HikariPool-1 - keepalive: connection org.postgresql.jdbc.PgConnection@154be5e5 is alive
2026-04-11T13:08:13.988+07:00 DEBUG 41428 --- [restaurant-service] [nnection-closer] [                                                 ] com.zaxxer.hikari.pool.PoolBase          : HikariPool-1 - Closing connection org.postgresql.jdbc.PgConnection@f408beb: (connection has passed maxLifetime)
2026-04-11T13:08:13.996+07:00 DEBUG 41428 --- [restaurant-service] [onnection-adder] [                                                 ] com.zaxxer.hikari.pool.PoolBase          : HikariPool-1 - Attempting to create/setup new connection (24bba6af-f8fa-45c7-a3d5-72535dac5ce5)
2026-04-11T13:08:14.051+07:00 DEBUG 41428 --- [restaurant-service] [onnection-adder] [                                                 ] com.zaxxer.hikari.pool.PoolBase          : HikariPool-1 - Established new connection (24bba6af-f8fa-45c7-a3d5-72535dac5ce5)
2026-04-11T13:08:14.051+07:00 DEBUG 41428 --- [restaurant-service] [onnection-adder] [                                                 ] com.zaxxer.hikari.pool.HikariPool        : HikariPool-1 - Added connection org.postgresql.jdbc.PgConnection@29ae2346
2026-04-11T13:08:17.565+07:00 DEBUG 41428 --- [restaurant-service] [l-1:housekeeper] [                                                 ] com.zaxxer.hikari.pool.HikariPool        : HikariPool-1 - Pool stats (total=10/10, idle=10/10, active=0, waiting=0)
2026-04-11T13:08:17.565+07:00 DEBUG 41428 --- [restaurant-service] [l-1:housekeeper] [                                                 ] com.zaxxer.hikari.pool.HikariPool        : HikariPool-1 - Fill pool skipped, pool has sufficient level or currently being filled.
2026-04-11T13:08:30.607+07:00 DEBUG 41428 --- [restaurant-service] [l-1:housekeeper] [                                                 ] com.zaxxer.hikari.pool.HikariPool        : HikariPool-1 - keepalive: connection org.postgresql.jdbc.PgConnection@30668667 is alive
2026-04-11T13:08:41.430+07:00 DEBUG 41428 --- [restaurant-service] [l-1:housekeeper] [                                                 ] com.zaxxer.hikari.pool.HikariPool        : HikariPool-1 - keepalive: connection org.postgresql.jdbc.PgConnection@530d8292 is alive
2026-04-11T13:08:41.598+07:00 DEBUG 41428 --- [restaurant-service] [l-1:housekeeper] [                                                 ] com.zaxxer.hikari.pool.HikariPool        : HikariPool-1 - keepalive: connection org.postgresql.jdbc.PgConnection@67acbb07 is alive
2026-04-11T13:08:47.569+07:00 DEBUG 41428 --- [restaurant-service] [l-1:housekeeper] [                                                 ] com.zaxxer.hikari.pool.HikariPool        : HikariPool-1 - Pool stats (total=10/10, idle=10/10, active=0, waiting=0)
2026-04-11T13:08:47.569+07:00 DEBUG 41428 --- [restaurant-service] [l-1:housekeeper] [                                                 ] com.zaxxer.hikari.pool.HikariPool        : HikariPool-1 - Fill pool skipped, pool has sufficient level or currently being filled.
2026-04-11T13:08:49.113+07:00 DEBUG 41428 --- [restaurant-service] [l-1:housekeeper] [                                                 ] com.zaxxer.hikari.pool.HikariPool        : HikariPool-1 - keepalive: connection org.postgresql.jdbc.PgConnection@226ef458 is alive
2026-04-11T13:08:53.460+07:00 DEBUG 41428 --- [restaurant-service] [nnection-closer] [                                                 ] com.zaxxer.hikari.pool.PoolBase          : HikariPool-1 - Closing connection org.postgresql.jdbc.PgConnection@154be5e5: (connection has passed maxLifetime)
2026-04-11T13:08:53.461+07:00 DEBUG 41428 --- [restaurant-service] [onnection-adder] [                                                 ] com.zaxxer.hikari.pool.PoolBase          : HikariPool-1 - Attempting to create/setup new connection (293335e0-1ad2-4f24-a296-08269ee79acb)
2026-04-11T13:08:53.501+07:00 DEBUG 41428 --- [restaurant-service] [onnection-adder] [                                                 ] com.zaxxer.hikari.pool.PoolBase          : HikariPool-1 - Established new connection (293335e0-1ad2-4f24-a296-08269ee79acb)
2026-04-11T13:08:53.501+07:00 DEBUG 41428 --- [restaurant-service] [onnection-adder] [                                                 ] com.zaxxer.hikari.pool.HikariPool        : HikariPool-1 - Added connection org.postgresql.jdbc.PgConnection@719a6515
2026-04-11T13:08:55.232+07:00 DEBUG 41428 --- [restaurant-service] [l-1:housekeeper] [                                                 ] com.zaxxer.hikari.pool.HikariPool        : HikariPool-1 - keepalive: connection org.postgresql.jdbc.PgConnection@44f97de1 is alive
2026-04-11T13:09:15.316+07:00 DEBUG 41428 --- [restaurant-service] [l-1:housekeeper] [                                                 ] com.zaxxer.hikari.pool.HikariPool        : HikariPool-1 - keepalive: connection org.postgresql.jdbc.PgConnection@e4dbfbd is alive
2026-04-11T13:09:17.576+07:00 DEBUG 41428 --- [restaurant-service] [l-1:housekeeper] [                                                 ] com.zaxxer.hikari.pool.HikariPool        : HikariPool-1 - Pool stats (total=10/10, idle=10/10, active=0, waiting=0)
2026-04-11T13:09:17.576+07:00 DEBUG 41428 --- [restaurant-service] [l-1:housekeeper] [                                                 ] com.zaxxer.hikari.pool.HikariPool        : HikariPool-1 - Fill pool skipped, pool has sufficient level or currently being filled.
2026-04-11T13:09:19.499+07:00 DEBUG 41428 --- [restaurant-service] [nnection-closer] [                                                 ] com.zaxxer.hikari.pool.PoolBase          : HikariPool-1 - Closing connection org.postgresql.jdbc.PgConnection@30668667: (connection has passed maxLifetime)
2026-04-11T13:09:19.499+07:00 DEBUG 41428 --- [restaurant-service] [onnection-adder] [                                                 ] com.zaxxer.hikari.pool.PoolBase          : HikariPool-1 - Attempting to create/setup new connection (7b5186b5-e3e5-4ef9-a307-7fb1dbc9fcb5)
2026-04-11T13:09:19.657+07:00 DEBUG 41428 --- [restaurant-service] [onnection-adder] [                                                 ] com.zaxxer.hikari.pool.PoolBase          : HikariPool-1 - Established new connection (7b5186b5-e3e5-4ef9-a307-7fb1dbc9fcb5)
2026-04-11T13:09:19.657+07:00 DEBUG 41428 --- [restaurant-service] [onnection-adder] [                                                 ] com.zaxxer.hikari.pool.HikariPool        : HikariPool-1 - Added connection org.postgresql.jdbc.PgConnection@1b4d9f2e
2026-04-11T13:09:31.515+07:00 DEBUG 41428 --- [restaurant-service] [l-1:housekeeper] [                                                 ] com.zaxxer.hikari.pool.HikariPool        : HikariPool-1 - keepalive: connection org.postgresql.jdbc.PgConnection@4b5d4cd is alive
2026-04-11T13:09:47.588+07:00 DEBUG 41428 --- [restaurant-service] [l-1:housekeeper] [                                                 ] com.zaxxer.hikari.pool.HikariPool        : HikariPool-1 - Pool stats (total=10/10, idle=10/10, active=0, waiting=0)
2026-04-11T13:09:47.588+07:00 DEBUG 41428 --- [restaurant-service] [l-1:housekeeper] [                                                 ] com.zaxxer.hikari.pool.HikariPool        : HikariPool-1 - Fill pool skipped, pool has sufficient level or currently being filled.
2026-04-11T13:10:08.027+07:00 DEBUG 41428 --- [restaurant-service] [l-1:housekeeper] [                                                 ] com.zaxxer.hikari.pool.HikariPool        : HikariPool-1 - keepalive: connection org.postgresql.jdbc.PgConnection@1fb38e95 is alive
2026-04-11T13:10:09.831+07:00 DEBUG 41428 --- [restaurant-service] [l-1:housekeeper] [                                                 ] com.zaxxer.hikari.pool.HikariPool        : HikariPool-1 - keepalive: connection org.postgresql.jdbc.PgConnection@29ae2346 is alive
2026-04-11T13:10:17.597+07:00 DEBUG 41428 --- [restaurant-service] [l-1:housekeeper] [                                                 ] com.zaxxer.hikari.pool.HikariPool        : HikariPool-1 - Pool stats (total=10/10, idle=10/10, active=0, waiting=0)
2026-04-11T13:10:17.597+07:00 DEBUG 41428 --- [restaurant-service] [l-1:housekeeper] [                                                 ] com.zaxxer.hikari.pool.HikariPool        : HikariPool-1 - Fill pool skipped, pool has sufficient level or currently being filled.
2026-04-11T13:10:25.230+07:00 DEBUG 41428 --- [restaurant-service] [l-1:housekeeper] [                                                 ] com.zaxxer.hikari.pool.HikariPool        : HikariPool-1 - keepalive: connection org.postgresql.jdbc.PgConnection@67acbb07 is alive
2026-04-11T13:10:31.607+07:00 DEBUG 41428 --- [restaurant-service] [l-1:housekeeper] [                                                 ] com.zaxxer.hikari.pool.HikariPool        : HikariPool-1 - keepalive: connection org.postgresql.jdbc.PgConnection@226ef458 is alive
2026-04-11T13:10:32.211+07:00 DEBUG 41428 --- [restaurant-service] [l-1:housekeeper] [                                                 ] com.zaxxer.hikari.pool.HikariPool        : HikariPool-1 - keepalive: connection org.postgresql.jdbc.PgConnection@719a6515 is alive
2026-04-11T13:10:37.251+07:00 DEBUG 41428 --- [restaurant-service] [l-1:housekeeper] [                                                 ] com.zaxxer.hikari.pool.HikariPool        : HikariPool-1 - keepalive: connection org.postgresql.jdbc.PgConnection@44f97de1 is alive
2026-04-11T13:10:40.937+07:00 DEBUG 41428 --- [restaurant-service] [l-1:housekeeper] [                                                 ] com.zaxxer.hikari.pool.HikariPool        : HikariPool-1 - keepalive: connection org.postgresql.jdbc.PgConnection@530d8292 is alive
2026-04-11T13:10:47.611+07:00 DEBUG 41428 --- [restaurant-service] [l-1:housekeeper] [                                                 ] com.zaxxer.hikari.pool.HikariPool        : HikariPool-1 - Pool stats (total=10/10, idle=10/10, active=0, waiting=0)
2026-04-11T13:10:47.611+07:00 DEBUG 41428 --- [restaurant-service] [l-1:housekeeper] [                                                 ] com.zaxxer.hikari.pool.HikariPool        : HikariPool-1 - Fill pool skipped, pool has sufficient level or currently being filled.
2026-04-11T13:10:49.639+07:00 DEBUG 41428 --- [restaurant-service] [nnection-closer] [                                                 ] com.zaxxer.hikari.pool.PoolBase          : HikariPool-1 - Closing connection org.postgresql.jdbc.PgConnection@1fb38e95: (connection has passed maxLifetime)
2026-04-11T13:10:49.640+07:00 DEBUG 41428 --- [restaurant-service] [onnection-adder] [                                                 ] com.zaxxer.hikari.pool.PoolBase          : HikariPool-1 - Attempting to create/setup new connection (349f86d8-ef02-4aa1-81c1-934e035c31be)
2026-04-11T13:10:49.695+07:00 DEBUG 41428 --- [restaurant-service] [onnection-adder] [                                                 ] com.zaxxer.hikari.pool.PoolBase          : HikariPool-1 - Established new connection (349f86d8-ef02-4aa1-81c1-934e035c31be)
2026-04-11T13:10:49.695+07:00 DEBUG 41428 --- [restaurant-service] [onnection-adder] [                                                 ] com.zaxxer.hikari.pool.HikariPool        : HikariPool-1 - Added connection org.postgresql.jdbc.PgConnection@24b29416
2026-04-11T13:10:54.868+07:00 DEBUG 41428 --- [restaurant-service] [l-1:housekeeper] [                                                 ] com.zaxxer.hikari.pool.HikariPool        : HikariPool-1 - keepalive: connection org.postgresql.jdbc.PgConnection@e4dbfbd is alive
2026-04-11T13:10:56.798+07:00 DEBUG 41428 --- [restaurant-service] [l-1:housekeeper] [                                                 ] com.zaxxer.hikari.pool.HikariPool        : HikariPool-1 - keepalive: connection org.postgresql.jdbc.PgConnection@1b4d9f2e is alive
2026-04-11T13:11:05.801+07:00 DEBUG 41428 --- [restaurant-service] [nnection-closer] [                                                 ] com.zaxxer.hikari.pool.PoolBase          : HikariPool-1 - Closing connection org.postgresql.jdbc.PgConnection@530d8292: (connection has passed maxLifetime)
2026-04-11T13:11:05.802+07:00 DEBUG 41428 --- [restaurant-service] [onnection-adder] [                                                 ] com.zaxxer.hikari.pool.PoolBase          : HikariPool-1 - Attempting to create/setup new connection (747233d4-a29f-4adc-929c-0b169a31f31d)
2026-04-11T13:11:05.859+07:00 DEBUG 41428 --- [restaurant-service] [onnection-adder] [                                                 ] com.zaxxer.hikari.pool.PoolBase          : HikariPool-1 - Established new connection (747233d4-a29f-4adc-929c-0b169a31f31d)
2026-04-11T13:11:05.859+07:00 DEBUG 41428 --- [restaurant-service] [onnection-adder] [                                                 ] com.zaxxer.hikari.pool.HikariPool        : HikariPool-1 - Added connection org.postgresql.jdbc.PgConnection@67cc57aa
2026-04-11T13:11:17.621+07:00 DEBUG 41428 --- [restaurant-service] [l-1:housekeeper] [                                                 ] com.zaxxer.hikari.pool.HikariPool        : HikariPool-1 - Pool stats (total=10/10, idle=10/10, active=0, waiting=0)
2026-04-11T13:11:17.621+07:00 DEBUG 41428 --- [restaurant-service] [l-1:housekeeper] [                                                 ] com.zaxxer.hikari.pool.HikariPool        : HikariPool-1 - Fill pool skipped, pool has sufficient level or currently being filled.
2026-04-11T13:11:24.498+07:00 DEBUG 41428 --- [restaurant-service] [l-1:housekeeper] [                                                 ] com.zaxxer.hikari.pool.HikariPool        : HikariPool-1 - keepalive: connection org.postgresql.jdbc.PgConnection@4b5d4cd is alive
2026-04-11T13:11:47.628+07:00 DEBUG 41428 --- [restaurant-service] [l-1:housekeeper] [                                                 ] com.zaxxer.hikari.pool.HikariPool        : HikariPool-1 - Pool stats (total=10/10, idle=10/10, active=0, waiting=0)
2026-04-11T13:11:47.628+07:00 DEBUG 41428 --- [restaurant-service] [l-1:housekeeper] [                                                 ] com.zaxxer.hikari.pool.HikariPool        : HikariPool-1 - Fill pool skipped, pool has sufficient level or currently being filled.
2026-04-11T13:12:05.615+07:00 DEBUG 41428 --- [restaurant-service] [l-1:housekeeper] [                                                 ] com.zaxxer.hikari.pool.HikariPool        : HikariPool-1 - keepalive: connection org.postgresql.jdbc.PgConnection@29ae2346 is alive
2026-04-11T13:12:08.848+07:00 DEBUG 41428 --- [restaurant-service] [l-1:housekeeper] [                                                 ] com.zaxxer.hikari.pool.HikariPool        : HikariPool-1 - keepalive: connection org.postgresql.jdbc.PgConnection@67acbb07 is alive
2026-04-11T13:12:10.915+07:00 DEBUG 41428 --- [restaurant-service] [l-1:housekeeper] [                                                 ] com.zaxxer.hikari.pool.HikariPool        : HikariPool-1 - keepalive: connection org.postgresql.jdbc.PgConnection@719a6515 is alive
2026-04-11T13:12:14.099+07:00 DEBUG 41428 --- [restaurant-service] [l-1:housekeeper] [                                                 ] com.zaxxer.hikari.pool.HikariPool        : HikariPool-1 - keepalive: connection org.postgresql.jdbc.PgConnection@226ef458 is alive
2026-04-11T13:12:17.632+07:00 DEBUG 41428 --- [restaurant-service] [l-1:housekeeper] [                                                 ] com.zaxxer.hikari.pool.HikariPool        : HikariPool-1 - Pool stats (total=10/10, idle=10/10, active=0, waiting=0)
2026-04-11T13:12:17.632+07:00 DEBUG 41428 --- [restaurant-service] [l-1:housekeeper] [                                                 ] com.zaxxer.hikari.pool.HikariPool        : HikariPool-1 - Fill pool skipped, pool has sufficient level or currently being filled.
2026-04-11T13:12:19.278+07:00 DEBUG 41428 --- [restaurant-service] [l-1:housekeeper] [                                                 ] com.zaxxer.hikari.pool.HikariPool        : HikariPool-1 - keepalive: connection org.postgresql.jdbc.PgConnection@44f97de1 is alive
2026-04-11T13:12:19.481+07:00 DEBUG 41428 --- [restaurant-service] [nnection-closer] [                                                 ] com.zaxxer.hikari.pool.PoolBase          : HikariPool-1 - Closing connection org.postgresql.jdbc.PgConnection@67acbb07: (connection has passed maxLifetime)
2026-04-11T13:12:19.481+07:00 DEBUG 41428 --- [restaurant-service] [onnection-adder] [                                                 ] com.zaxxer.hikari.pool.PoolBase          : HikariPool-1 - Attempting to create/setup new connection (9135fcf2-af7a-49f0-abca-d2d9233c03e2)
2026-04-11T13:12:19.657+07:00 DEBUG 41428 --- [restaurant-service] [onnection-adder] [                                                 ] com.zaxxer.hikari.pool.PoolBase          : HikariPool-1 - Established new connection (9135fcf2-af7a-49f0-abca-d2d9233c03e2)
2026-04-11T13:12:19.658+07:00 DEBUG 41428 --- [restaurant-service] [onnection-adder] [                                                 ] com.zaxxer.hikari.pool.HikariPool        : HikariPool-1 - Added connection org.postgresql.jdbc.PgConnection@5951231d
2026-04-11T13:12:32.752+07:00 DEBUG 41428 --- [restaurant-service] [l-1:housekeeper] [                                                 ] com.zaxxer.hikari.pool.HikariPool        : HikariPool-1 - keepalive: connection org.postgresql.jdbc.PgConnection@24b29416 is alive
2026-04-11T13:12:33.932+07:00 DEBUG 41428 --- [restaurant-service] [l-1:housekeeper] [                                                 ] com.zaxxer.hikari.pool.HikariPool        : HikariPool-1 - keepalive: connection org.postgresql.jdbc.PgConnection@1b4d9f2e is alive
2026-04-11T13:12:34.427+07:00 DEBUG 41428 --- [restaurant-service] [l-1:housekeeper] [                                                 ] com.zaxxer.hikari.pool.HikariPool        : HikariPool-1 - keepalive: connection org.postgresql.jdbc.PgConnection@e4dbfbd is alive
2026-04-11T13:12:47.638+07:00 DEBUG 41428 --- [restaurant-service] [l-1:housekeeper] [                                                 ] com.zaxxer.hikari.pool.HikariPool        : HikariPool-1 - Pool stats (total=10/10, idle=10/10, active=0, waiting=0)
2026-04-11T13:12:47.638+07:00 DEBUG 41428 --- [restaurant-service] [l-1:housekeeper] [                                                 ] com.zaxxer.hikari.pool.HikariPool        : HikariPool-1 - Fill pool skipped, pool has sufficient level or currently being filled.
2026-04-11T13:12:52.957+07:00 DEBUG 41428 --- [restaurant-service] [l-1:housekeeper] [                                                 ] com.zaxxer.hikari.pool.HikariPool        : HikariPool-1 - keepalive: connection org.postgresql.jdbc.PgConnection@67cc57aa is alive
2026-04-11T13:12:59.250+07:00  INFO 41428 --- [restaurant-service] [rap-executor-%d] [                                                 ] c.n.d.s.r.aws.ConfigClusterResolver      : Resolving eureka endpoints via configuration
2026-04-11T13:13:17.481+07:00 DEBUG 41428 --- [restaurant-service] [l-1:housekeeper] [                                                 ] com.zaxxer.hikari.pool.HikariPool        : HikariPool-1 - keepalive: connection org.postgresql.jdbc.PgConnection@4b5d4cd is alive
2026-04-11T13:13:17.647+07:00 DEBUG 41428 --- [restaurant-service] [l-1:housekeeper] [                                                 ] com.zaxxer.hikari.pool.HikariPool        : HikariPool-1 - Pool stats (total=10/10, idle=10/10, active=0, waiting=0)
2026-04-11T13:13:17.647+07:00 DEBUG 41428 --- [restaurant-service] [l-1:housekeeper] [                                                 ] com.zaxxer.hikari.pool.HikariPool        : HikariPool-1 - Fill pool skipped, pool has sufficient level or currently being filled.
2026-04-11T13:13:47.651+07:00 DEBUG 41428 --- [restaurant-service] [l-1:housekeeper] [                                                 ] com.zaxxer.hikari.pool.HikariPool        : HikariPool-1 - Pool stats (total=10/10, idle=10/10, active=0, waiting=0)
2026-04-11T13:13:47.651+07:00 DEBUG 41428 --- [restaurant-service] [l-1:housekeeper] [                                                 ] com.zaxxer.hikari.pool.HikariPool        : HikariPool-1 - Fill pool skipped, pool has sufficient level or currently being filled.
2026-04-11T13:13:49.618+07:00 DEBUG 41428 --- [restaurant-service] [l-1:housekeeper] [                                                 ] com.zaxxer.hikari.pool.HikariPool        : HikariPool-1 - keepalive: connection org.postgresql.jdbc.PgConnection@719a6515 is alive
2026-04-11T13:13:56.567+07:00 DEBUG 41428 --- [restaurant-service] [l-1:housekeeper] [                                                 ] com.zaxxer.hikari.pool.HikariPool        : HikariPool-1 - keepalive: connection org.postgresql.jdbc.PgConnection@5951231d is alive
2026-04-11T13:13:56.598+07:00 DEBUG 41428 --- [restaurant-service] [l-1:housekeeper] [                                                 ] com.zaxxer.hikari.pool.HikariPool        : HikariPool-1 - keepalive: connection org.postgresql.jdbc.PgConnection@226ef458 is alive
2026-04-11T13:14:01.307+07:00 DEBUG 41428 --- [restaurant-service] [l-1:housekeeper] [                                                 ] com.zaxxer.hikari.pool.HikariPool        : HikariPool-1 - keepalive: connection org.postgresql.jdbc.PgConnection@44f97de1 is alive
2026-04-11T13:14:01.398+07:00 DEBUG 41428 --- [restaurant-service] [l-1:housekeeper] [                                                 ] com.zaxxer.hikari.pool.HikariPool        : HikariPool-1 - keepalive: connection org.postgresql.jdbc.PgConnection@29ae2346 is alive
2026-04-11T13:14:11.066+07:00 DEBUG 41428 --- [restaurant-service] [l-1:housekeeper] [                                                 ] com.zaxxer.hikari.pool.HikariPool        : HikariPool-1 - keepalive: connection org.postgresql.jdbc.PgConnection@1b4d9f2e is alive
2026-04-11T13:14:13.985+07:00 DEBUG 41428 --- [restaurant-service] [l-1:housekeeper] [                                                 ] com.zaxxer.hikari.pool.HikariPool        : HikariPool-1 - keepalive: connection org.postgresql.jdbc.PgConnection@e4dbfbd is alive
2026-04-11T13:14:15.805+07:00 DEBUG 41428 --- [restaurant-service] [l-1:housekeeper] [                                                 ] com.zaxxer.hikari.pool.HikariPool        : HikariPool-1 - keepalive: connection org.postgresql.jdbc.PgConnection@24b29416 is alive
2026-04-11T13:14:17.659+07:00 DEBUG 41428 --- [restaurant-service] [l-1:housekeeper] [                                                 ] com.zaxxer.hikari.pool.HikariPool        : HikariPool-1 - Pool stats (total=10/10, idle=10/10, active=0, waiting=0)
2026-04-11T13:14:17.659+07:00 DEBUG 41428 --- [restaurant-service] [l-1:housekeeper] [                                                 ] com.zaxxer.hikari.pool.HikariPool        : HikariPool-1 - Fill pool skipped, pool has sufficient level or currently being filled.
2026-04-11T13:14:40.063+07:00 DEBUG 41428 --- [restaurant-service] [l-1:housekeeper] [                                                 ] com.zaxxer.hikari.pool.HikariPool        : HikariPool-1 - keepalive: connection org.postgresql.jdbc.PgConnection@67cc57aa is alive
2026-04-11T13:14:47.670+07:00 DEBUG 41428 --- [restaurant-service] [l-1:housekeeper] [                                                 ] com.zaxxer.hikari.pool.HikariPool        : HikariPool-1 - Pool stats (total=10/10, idle=10/10, active=0, waiting=0)
2026-04-11T13:14:47.670+07:00 DEBUG 41428 --- [restaurant-service] [l-1:housekeeper] [                                                 ] com.zaxxer.hikari.pool.HikariPool        : HikariPool-1 - Fill pool skipped, pool has sufficient level or currently being filled.
2026-04-11T13:15:10.464+07:00 DEBUG 41428 --- [restaurant-service] [l-1:housekeeper] [                                                 ] com.zaxxer.hikari.pool.HikariPool        : HikariPool-1 - keepalive: connection org.postgresql.jdbc.PgConnection@4b5d4cd is alive
2026-04-11T13:15:17.676+07:00 DEBUG 41428 --- [restaurant-service] [l-1:housekeeper] [                                                 ] com.zaxxer.hikari.pool.HikariPool        : HikariPool-1 - Pool stats (total=10/10, idle=10/10, active=0, waiting=0)
2026-04-11T13:15:17.676+07:00 DEBUG 41428 --- [restaurant-service] [l-1:housekeeper] [                                                 ] com.zaxxer.hikari.pool.HikariPool        : HikariPool-1 - Fill pool skipped, pool has sufficient level or currently being filled.
2026-04-11T13:15:28.318+07:00 DEBUG 41428 --- [restaurant-service] [l-1:housekeeper] [                                                 ] com.zaxxer.hikari.pool.HikariPool        : HikariPool-1 - keepalive: connection org.postgresql.jdbc.PgConnection@719a6515 is alive
2026-04-11T13:15:33.473+07:00 DEBUG 41428 --- [restaurant-service] [l-1:housekeeper] [                                                 ] com.zaxxer.hikari.pool.HikariPool        : HikariPool-1 - keepalive: connection org.postgresql.jdbc.PgConnection@5951231d is alive
2026-04-11T13:15:39.095+07:00 DEBUG 41428 --- [restaurant-service] [l-1:housekeeper] [                                                 ] com.zaxxer.hikari.pool.HikariPool        : HikariPool-1 - keepalive: connection org.postgresql.jdbc.PgConnection@226ef458 is alive
2026-04-11T13:15:43.332+07:00 DEBUG 41428 --- [restaurant-service] [l-1:housekeeper] [                                                 ] com.zaxxer.hikari.pool.HikariPool        : HikariPool-1 - keepalive: connection org.postgresql.jdbc.PgConnection@44f97de1 is alive
2026-04-11T13:15:47.679+07:00 DEBUG 41428 --- [restaurant-service] [l-1:housekeeper] [                                                 ] com.zaxxer.hikari.pool.HikariPool        : HikariPool-1 - Pool stats (total=10/10, idle=10/10, active=0, waiting=0)
2026-04-11T13:15:47.679+07:00 DEBUG 41428 --- [restaurant-service] [l-1:housekeeper] [                                                 ] com.zaxxer.hikari.pool.HikariPool        : HikariPool-1 - Fill pool skipped, pool has sufficient level or currently being filled.
2026-04-11T13:15:48.206+07:00 DEBUG 41428 --- [restaurant-service] [l-1:housekeeper] [                                                 ] com.zaxxer.hikari.pool.HikariPool        : HikariPool-1 - keepalive: connection org.postgresql.jdbc.PgConnection@1b4d9f2e is alive
2026-04-11T13:15:53.549+07:00 DEBUG 41428 --- [restaurant-service] [l-1:housekeeper] [                                                 ] com.zaxxer.hikari.pool.HikariPool        : HikariPool-1 - keepalive: connection org.postgresql.jdbc.PgConnection@e4dbfbd is alive
2026-04-11T13:15:57.172+07:00 DEBUG 41428 --- [restaurant-service] [l-1:housekeeper] [                                                 ] com.zaxxer.hikari.pool.HikariPool        : HikariPool-1 - keepalive: connection org.postgresql.jdbc.PgConnection@29ae2346 is alive
2026-04-11T13:15:58.878+07:00 DEBUG 41428 --- [restaurant-service] [l-1:housekeeper] [                                                 ] com.zaxxer.hikari.pool.HikariPool        : HikariPool-1 - keepalive: connection org.postgresql.jdbc.PgConnection@24b29416 is alive
2026-04-11T13:16:17.682+07:00 DEBUG 41428 --- [restaurant-service] [l-1:housekeeper] [                                                 ] com.zaxxer.hikari.pool.HikariPool        : HikariPool-1 - Pool stats (total=10/10, idle=10/10, active=0, waiting=0)
2026-04-11T13:16:17.682+07:00 DEBUG 41428 --- [restaurant-service] [l-1:housekeeper] [                                                 ] com.zaxxer.hikari.pool.HikariPool        : HikariPool-1 - Fill pool skipped, pool has sufficient level or currently being filled.
2026-04-11T13:16:27.171+07:00 DEBUG 41428 --- [restaurant-service] [l-1:housekeeper] [                                                 ] com.zaxxer.hikari.pool.HikariPool        : HikariPool-1 - keepalive: connection org.postgresql.jdbc.PgConnection@67cc57aa is alive
2026-04-11T13:16:47.697+07:00 DEBUG 41428 --- [restaurant-service] [l-1:housekeeper] [                                                 ] com.zaxxer.hikari.pool.HikariPool        : HikariPool-1 - Pool stats (total=10/10, idle=10/10, active=0, waiting=0)
2026-04-11T13:16:47.697+07:00 DEBUG 41428 --- [restaurant-service] [l-1:housekeeper] [                                                 ] com.zaxxer.hikari.pool.HikariPool        : HikariPool-1 - Fill pool skipped, pool has sufficient level or currently being filled.
2026-04-11T13:17:03.446+07:00 DEBUG 41428 --- [restaurant-service] [l-1:housekeeper] [                                                 ] com.zaxxer.hikari.pool.HikariPool        : HikariPool-1 - keepalive: connection org.postgresql.jdbc.PgConnection@4b5d4cd is alive
2026-04-11T13:17:07.027+07:00 DEBUG 41428 --- [restaurant-service] [l-1:housekeeper] [                                                 ] com.zaxxer.hikari.pool.HikariPool        : HikariPool-1 - keepalive: connection org.postgresql.jdbc.PgConnection@719a6515 is alive
2026-04-11T13:17:10.382+07:00 DEBUG 41428 --- [restaurant-service] [l-1:housekeeper] [                                                 ] com.zaxxer.hikari.pool.HikariPool        : HikariPool-1 - keepalive: connection org.postgresql.jdbc.PgConnection@5951231d is alive
2026-04-11T13:17:17.704+07:00 DEBUG 41428 --- [restaurant-service] [l-1:housekeeper] [                                                 ] com.zaxxer.hikari.pool.HikariPool        : HikariPool-1 - Pool stats (total=10/10, idle=10/10, active=0, waiting=0)
2026-04-11T13:17:17.704+07:00 DEBUG 41428 --- [restaurant-service] [l-1:housekeeper] [                                                 ] com.zaxxer.hikari.pool.HikariPool        : HikariPool-1 - Fill pool skipped, pool has sufficient level or currently being filled.
2026-04-11T13:17:21.580+07:00 DEBUG 41428 --- [restaurant-service] [l-1:housekeeper] [                                                 ] com.zaxxer.hikari.pool.HikariPool        : HikariPool-1 - keepalive: connection org.postgresql.jdbc.PgConnection@226ef458 is alive
2026-04-11T13:17:25.346+07:00 DEBUG 41428 --- [restaurant-service] [l-1:housekeeper] [                                                 ] com.zaxxer.hikari.pool.HikariPool        : HikariPool-1 - keepalive: connection org.postgresql.jdbc.PgConnection@1b4d9f2e is alive
2026-04-11T13:17:25.361+07:00 DEBUG 41428 --- [restaurant-service] [l-1:housekeeper] [                                                 ] com.zaxxer.hikari.pool.HikariPool        : HikariPool-1 - keepalive: connection org.postgresql.jdbc.PgConnection@44f97de1 is alive
2026-04-11T13:17:33.101+07:00 DEBUG 41428 --- [restaurant-service] [l-1:housekeeper] [                                                 ] com.zaxxer.hikari.pool.HikariPool        : HikariPool-1 - keepalive: connection org.postgresql.jdbc.PgConnection@e4dbfbd is alive
2026-04-11T13:17:41.932+07:00 DEBUG 41428 --- [restaurant-service] [l-1:housekeeper] [                                                 ] com.zaxxer.hikari.pool.HikariPool        : HikariPool-1 - keepalive: connection org.postgresql.jdbc.PgConnection@24b29416 is alive
2026-04-11T13:17:47.709+07:00 DEBUG 41428 --- [restaurant-service] [l-1:housekeeper] [                                                 ] com.zaxxer.hikari.pool.HikariPool        : HikariPool-1 - Pool stats (total=10/10, idle=10/10, active=0, waiting=0)
2026-04-11T13:17:47.710+07:00 DEBUG 41428 --- [restaurant-service] [l-1:housekeeper] [                                                 ] com.zaxxer.hikari.pool.HikariPool        : HikariPool-1 - Fill pool skipped, pool has sufficient level or currently being filled.
2026-04-11T13:17:52.945+07:00 DEBUG 41428 --- [restaurant-service] [l-1:housekeeper] [                                                 ] com.zaxxer.hikari.pool.HikariPool        : HikariPool-1 - keepalive: connection org.postgresql.jdbc.PgConnection@29ae2346 is alive
2026-04-11T13:17:59.261+07:00  INFO 41428 --- [restaurant-service] [rap-executor-%d] [                                                 ] c.n.d.s.r.aws.ConfigClusterResolver      : Resolving eureka endpoints via configuration
2026-04-11T13:18:05.914+07:00 DEBUG 41428 --- [restaurant-service] [nio-8085-exec-2] [69d9e79dc7aaae4670616ddbeb637b68-0e84feb9d357cf42] o.j.s.OpenEntityManagerInViewInterceptor : Opening JPA EntityManager in OpenEntityManagerInViewInterceptor
2026-04-11T13:18:06.007+07:00 DEBUG 41428 --- [restaurant-service] [nio-8085-exec-2] [69d9e79dc7aaae4670616ddbeb637b68-0e84feb9d357cf42] o.s.orm.jpa.JpaTransactionManager        : Found thread-bound EntityManager [SessionImpl(1352195600<open>)] for JPA transaction
2026-04-11T13:18:06.007+07:00 DEBUG 41428 --- [restaurant-service] [nio-8085-exec-2] [69d9e79dc7aaae4670616ddbeb637b68-0e84feb9d357cf42] o.s.orm.jpa.JpaTransactionManager        : Creating new transaction with name [org.springframework.data.jpa.repository.support.SimpleJpaRepository.findAll]: PROPAGATION_REQUIRED,ISOLATION_DEFAULT,readOnly
2026-04-11T13:18:06.007+07:00 DEBUG 41428 --- [restaurant-service] [nio-8085-exec-2] [69d9e79dc7aaae4670616ddbeb637b68-0e84feb9d357cf42] o.s.orm.jpa.JpaTransactionManager        : Exposing JPA transaction as JDBC [org.springframework.orm.jpa.vendor.HibernateJpaDialect$HibernateConnectionHandle@76ae42c8]
2026-04-11T13:18:06.064+07:00 DEBUG 41428 --- [restaurant-service] [nio-8085-exec-2] [69d9e79dc7aaae4670616ddbeb637b68-0e84feb9d357cf42] org.hibernate.SQL                        : 
    /* <criteria> */ select
        s1_0.id,
        s1_0.name 
    from
        size s1_0
Hibernate: 
    /* <criteria> */ select
        s1_0.id,
        s1_0.name 
    from
        size s1_0
2026-04-11T13:18:06.077+07:00 DEBUG 41428 --- [restaurant-service] [nio-8085-exec-2] [69d9e79dc7aaae4670616ddbeb637b68-0e84feb9d357cf42] o.s.orm.jpa.JpaTransactionManager        : Initiating transaction commit
2026-04-11T13:18:06.077+07:00 DEBUG 41428 --- [restaurant-service] [nio-8085-exec-2] [69d9e79dc7aaae4670616ddbeb637b68-0e84feb9d357cf42] o.s.orm.jpa.JpaTransactionManager        : Committing JPA transaction on EntityManager [SessionImpl(1352195600<open>)]
2026-04-11T13:18:06.078+07:00 DEBUG 41428 --- [restaurant-service] [nio-8085-exec-2] [69d9e79dc7aaae4670616ddbeb637b68-0e84feb9d357cf42] o.s.orm.jpa.JpaTransactionManager        : Not closing pre-bound JPA EntityManager after transaction
List com.CNTTK18.restaurant_service.service.Impl.SizeServiceImpl.getAllSize() executed in 82ms
2026-04-11T13:18:06.090+07:00 DEBUG 41428 --- [restaurant-service] [nio-8085-exec-2] [69d9e79dc7aaae4670616ddbeb637b68-0e84feb9d357cf42] o.j.s.OpenEntityManagerInViewInterceptor : Closing JPA EntityManager in OpenEntityManagerInViewInterceptor
2026-04-11T13:18:14.278+07:00 DEBUG 41428 --- [restaurant-service] [l-1:housekeeper] [                                                 ] com.zaxxer.hikari.pool.HikariPool        : HikariPool-1 - keepalive: connection org.postgresql.jdbc.PgConnection@67cc57aa is alive
2026-04-11T13:18:17.719+07:00 DEBUG 41428 --- [restaurant-service] [l-1:housekeeper] [                                                 ] com.zaxxer.hikari.pool.HikariPool        : HikariPool-1 - Pool stats (total=10/10, idle=10/10, active=0, waiting=0)
2026-04-11T13:18:17.719+07:00 DEBUG 41428 --- [restaurant-service] [l-1:housekeeper] [                                                 ] com.zaxxer.hikari.pool.HikariPool        : HikariPool-1 - Fill pool skipped, pool has sufficient level or currently being filled.
2026-04-11T13:18:45.728+07:00 DEBUG 41428 --- [restaurant-service] [l-1:housekeeper] [                                                 ] com.zaxxer.hikari.pool.HikariPool        : HikariPool-1 - keepalive: connection org.postgresql.jdbc.PgConnection@719a6515 is alive
2026-04-11T13:18:47.295+07:00 DEBUG 41428 --- [restaurant-service] [l-1:housekeeper] [                                                 ] com.zaxxer.hikari.pool.HikariPool        : HikariPool-1 - keepalive: connection org.postgresql.jdbc.PgConnection@5951231d is alive
2026-04-11T13:18:47.732+07:00 DEBUG 41428 --- [restaurant-service] [l-1:housekeeper] [                                                 ] com.zaxxer.hikari.pool.HikariPool        : HikariPool-1 - Pool stats (total=10/10, idle=10/10, active=0, waiting=0)
2026-04-11T13:18:47.732+07:00 DEBUG 41428 --- [restaurant-service] [l-1:housekeeper] [                                                 ] com.zaxxer.hikari.pool.HikariPool        : HikariPool-1 - Fill pool skipped, pool has sufficient level or currently being filled.
2026-04-11T13:18:56.433+07:00 DEBUG 41428 --- [restaurant-service] [l-1:housekeeper] [                                                 ] com.zaxxer.hikari.pool.HikariPool        : HikariPool-1 - keepalive: connection org.postgresql.jdbc.PgConnection@4b5d4cd is alive
2026-04-11T13:19:02.494+07:00 DEBUG 41428 --- [restaurant-service] [l-1:housekeeper] [                                                 ] com.zaxxer.hikari.pool.HikariPool        : HikariPool-1 - keepalive: connection org.postgresql.jdbc.PgConnection@1b4d9f2e is alive
2026-04-11T13:19:04.075+07:00 DEBUG 41428 --- [restaurant-service] [l-1:housekeeper] [                                                 ] com.zaxxer.hikari.pool.HikariPool        : HikariPool-1 - keepalive: connection org.postgresql.jdbc.PgConnection@226ef458 is alive
2026-04-11T13:19:07.391+07:00 DEBUG 41428 --- [restaurant-service] [l-1:housekeeper] [                                                 ] com.zaxxer.hikari.pool.HikariPool        : HikariPool-1 - keepalive: connection org.postgresql.jdbc.PgConnection@44f97de1 is alive
2026-04-11T13:19:12.660+07:00 DEBUG 41428 --- [restaurant-service] [l-1:housekeeper] [                                                 ] com.zaxxer.hikari.pool.HikariPool        : HikariPool-1 - keepalive: connection org.postgresql.jdbc.PgConnection@e4dbfbd is alive
2026-04-11T13:19:17.745+07:00 DEBUG 41428 --- [restaurant-service] [l-1:housekeeper] [                                                 ] com.zaxxer.hikari.pool.HikariPool        : HikariPool-1 - Pool stats (total=10/10, idle=10/10, active=0, waiting=0)
2026-04-11T13:19:17.745+07:00 DEBUG 41428 --- [restaurant-service] [l-1:housekeeper] [                                                 ] com.zaxxer.hikari.pool.HikariPool        : HikariPool-1 - Fill pool skipped, pool has sufficient level or currently being filled.
2026-04-11T13:19:24.985+07:00 DEBUG 41428 --- [restaurant-service] [l-1:housekeeper] [                                                 ] com.zaxxer.hikari.pool.HikariPool        : HikariPool-1 - keepalive: connection org.postgresql.jdbc.PgConnection@24b29416 is alive
2026-04-11T13:19:47.749+07:00 DEBUG 41428 --- [restaurant-service] [l-1:housekeeper] [                                                 ] com.zaxxer.hikari.pool.HikariPool        : HikariPool-1 - Pool stats (total=10/10, idle=10/10, active=0, waiting=0)
2026-04-11T13:19:47.749+07:00 DEBUG 41428 --- [restaurant-service] [l-1:housekeeper] [                                                 ] com.zaxxer.hikari.pool.HikariPool        : HikariPool-1 - Fill pool skipped, pool has sufficient level or currently being filled.
2026-04-11T13:19:48.723+07:00 DEBUG 41428 --- [restaurant-service] [l-1:housekeeper] [                                                 ] com.zaxxer.hikari.pool.HikariPool        : HikariPool-1 - keepalive: connection org.postgresql.jdbc.PgConnection@29ae2346 is alive
2026-04-11T13:20:01.381+07:00 DEBUG 41428 --- [restaurant-service] [l-1:housekeeper] [                                                 ] com.zaxxer.hikari.pool.HikariPool        : HikariPool-1 - keepalive: connection org.postgresql.jdbc.PgConnection@67cc57aa is alive
2026-04-11T13:20:17.754+07:00 DEBUG 41428 --- [restaurant-service] [l-1:housekeeper] [                                                 ] com.zaxxer.hikari.pool.HikariPool        : HikariPool-1 - Pool stats (total=10/10, idle=10/10, active=0, waiting=0)
2026-04-11T13:20:17.754+07:00 DEBUG 41428 --- [restaurant-service] [l-1:housekeeper] [                                                 ] com.zaxxer.hikari.pool.HikariPool        : HikariPool-1 - Fill pool skipped, pool has sufficient level or currently being filled.
2026-04-11T13:20:24.204+07:00 DEBUG 41428 --- [restaurant-service] [l-1:housekeeper] [                                                 ] com.zaxxer.hikari.pool.HikariPool        : HikariPool-1 - keepalive: connection org.postgresql.jdbc.PgConnection@5951231d is alive
2026-04-11T13:20:24.437+07:00 DEBUG 41428 --- [restaurant-service] [l-1:housekeeper] [                                                 ] com.zaxxer.hikari.pool.HikariPool        : HikariPool-1 - keepalive: connection org.postgresql.jdbc.PgConnection@719a6515 is alive
2026-04-11T13:20:39.629+07:00 DEBUG 41428 --- [restaurant-service] [l-1:housekeeper] [                                                 ] com.zaxxer.hikari.pool.HikariPool        : HikariPool-1 - keepalive: connection org.postgresql.jdbc.PgConnection@1b4d9f2e is alive
2026-04-11T13:20:46.562+07:00 DEBUG 41428 --- [restaurant-service] [l-1:housekeeper] [                                                 ] com.zaxxer.hikari.pool.HikariPool        : HikariPool-1 - keepalive: connection org.postgresql.jdbc.PgConnection@226ef458 is alive
2026-04-11T13:20:47.770+07:00 DEBUG 41428 --- [restaurant-service] [l-1:housekeeper] [                                                 ] com.zaxxer.hikari.pool.HikariPool        : HikariPool-1 - Pool stats (total=10/10, idle=10/10, active=0, waiting=0)
2026-04-11T13:20:47.770+07:00 DEBUG 41428 --- [restaurant-service] [l-1:housekeeper] [                                                 ] com.zaxxer.hikari.pool.HikariPool        : HikariPool-1 - Fill pool skipped, pool has sufficient level or currently being filled.
2026-04-11T13:20:49.409+07:00 DEBUG 41428 --- [restaurant-service] [l-1:housekeeper] [                                                 ] com.zaxxer.hikari.pool.HikariPool        : HikariPool-1 - keepalive: connection org.postgresql.jdbc.PgConnection@44f97de1 is alive
2026-04-11T13:20:49.424+07:00 DEBUG 41428 --- [restaurant-service] [l-1:housekeeper] [                                                 ] com.zaxxer.hikari.pool.HikariPool        : HikariPool-1 - keepalive: connection org.postgresql.jdbc.PgConnection@4b5d4cd is alive
2026-04-11T13:20:52.222+07:00 DEBUG 41428 --- [restaurant-service] [l-1:housekeeper] [                                                 ] com.zaxxer.hikari.pool.HikariPool        : HikariPool-1 - keepalive: connection org.postgresql.jdbc.PgConnection@e4dbfbd is alive
2026-04-11T13:21:08.034+07:00 DEBUG 41428 --- [restaurant-service] [l-1:housekeeper] [                                                 ] com.zaxxer.hikari.pool.HikariPool        : HikariPool-1 - keepalive: connection org.postgresql.jdbc.PgConnection@24b29416 is alive
2026-04-11T13:21:17.784+07:00 DEBUG 41428 --- [restaurant-service] [l-1:housekeeper] [                                                 ] com.zaxxer.hikari.pool.HikariPool        : HikariPool-1 - Pool stats (total=10/10, idle=10/10, active=0, waiting=0)
2026-04-11T13:21:17.784+07:00 DEBUG 41428 --- [restaurant-service] [l-1:housekeeper] [                                                 ] com.zaxxer.hikari.pool.HikariPool        : HikariPool-1 - Fill pool skipped, pool has sufficient level or currently being filled.
2026-04-11T13:21:44.493+07:00 DEBUG 41428 --- [restaurant-service] [l-1:housekeeper] [                                                 ] com.zaxxer.hikari.pool.HikariPool        : HikariPool-1 - keepalive: connection org.postgresql.jdbc.PgConnection@29ae2346 is alive
2026-04-11T13:21:47.793+07:00 DEBUG 41428 --- [restaurant-service] [l-1:housekeeper] [                                                 ] com.zaxxer.hikari.pool.HikariPool        : HikariPool-1 - Pool stats (total=10/10, idle=10/10, active=0, waiting=0)
2026-04-11T13:21:47.793+07:00 DEBUG 41428 --- [restaurant-service] [l-1:housekeeper] [                                                 ] com.zaxxer.hikari.pool.HikariPool        : HikariPool-1 - Fill pool skipped, pool has sufficient level or currently being filled.
2026-04-11T13:21:48.481+07:00 DEBUG 41428 --- [restaurant-service] [l-1:housekeeper] [                                                 ] com.zaxxer.hikari.pool.HikariPool        : HikariPool-1 - keepalive: connection org.postgresql.jdbc.PgConnection@67cc57aa is alive
2026-04-11T13:22:01.125+07:00 DEBUG 41428 --- [restaurant-service] [l-1:housekeeper] [                                                 ] com.zaxxer.hikari.pool.HikariPool        : HikariPool-1 - keepalive: connection org.postgresql.jdbc.PgConnection@5951231d is alive
2026-04-11T13:22:03.141+07:00 DEBUG 41428 --- [restaurant-service] [l-1:housekeeper] [                                                 ] com.zaxxer.hikari.pool.HikariPool        : HikariPool-1 - keepalive: connection org.postgresql.jdbc.PgConnection@719a6515 is alive
2026-04-11T13:22:16.764+07:00 DEBUG 41428 --- [restaurant-service] [l-1:housekeeper] [                                                 ] com.zaxxer.hikari.pool.HikariPool        : HikariPool-1 - keepalive: connection org.postgresql.jdbc.PgConnection@1b4d9f2e is alive
2026-04-11T13:22:17.797+07:00 DEBUG 41428 --- [restaurant-service] [l-1:housekeeper] [                                                 ] com.zaxxer.hikari.pool.HikariPool        : HikariPool-1 - Pool stats (total=10/10, idle=10/10, active=0, waiting=0)
2026-04-11T13:22:17.798+07:00 DEBUG 41428 --- [restaurant-service] [l-1:housekeeper] [                                                 ] com.zaxxer.hikari.pool.HikariPool        : HikariPool-1 - Fill pool skipped, pool has sufficient level or currently being filled.
2026-04-11T13:22:29.048+07:00 DEBUG 41428 --- [restaurant-service] [l-1:housekeeper] [                                                 ] com.zaxxer.hikari.pool.HikariPool        : HikariPool-1 - keepalive: connection org.postgresql.jdbc.PgConnection@226ef458 is alive
2026-04-11T13:22:31.429+07:00 DEBUG 41428 --- [restaurant-service] [l-1:housekeeper] [                                                 ] com.zaxxer.hikari.pool.HikariPool        : HikariPool-1 - keepalive: connection org.postgresql.jdbc.PgConnection@44f97de1 is alive
2026-04-11T13:22:31.786+07:00 DEBUG 41428 --- [restaurant-service] [l-1:housekeeper] [                                                 ] com.zaxxer.hikari.pool.HikariPool        : HikariPool-1 - keepalive: connection org.postgresql.jdbc.PgConnection@e4dbfbd is alive
2026-04-11T13:22:42.411+07:00 DEBUG 41428 --- [restaurant-service] [l-1:housekeeper] [                                                 ] com.zaxxer.hikari.pool.HikariPool        : HikariPool-1 - keepalive: connection org.postgresql.jdbc.PgConnection@4b5d4cd is alive
2026-04-11T13:22:47.803+07:00 DEBUG 41428 --- [restaurant-service] [l-1:housekeeper] [                                                 ] com.zaxxer.hikari.pool.HikariPool        : HikariPool-1 - Pool stats (total=10/10, idle=10/10, active=0, waiting=0)
2026-04-11T13:22:47.803+07:00 DEBUG 41428 --- [restaurant-service] [l-1:housekeeper] [                                                 ] com.zaxxer.hikari.pool.HikariPool        : HikariPool-1 - Fill pool skipped, pool has sufficient level or currently being filled.
2026-04-11T13:22:51.090+07:00 DEBUG 41428 --- [restaurant-service] [l-1:housekeeper] [                                                 ] com.zaxxer.hikari.pool.HikariPool        : HikariPool-1 - keepalive: connection org.postgresql.jdbc.PgConnection@24b29416 is alive
2026-04-11T13:22:59.263+07:00  INFO 41428 --- [restaurant-service] [rap-executor-%d] [                                                 ] c.n.d.s.r.aws.ConfigClusterResolver      : Resolving eureka endpoints via configuration
2026-04-11T13:23:17.811+07:00 DEBUG 41428 --- [restaurant-service] [l-1:housekeeper] [                                                 ] com.zaxxer.hikari.pool.HikariPool        : HikariPool-1 - Pool stats (total=10/10, idle=10/10, active=0, waiting=0)
2026-04-11T13:23:17.811+07:00 DEBUG 41428 --- [restaurant-service] [l-1:housekeeper] [                                                 ] com.zaxxer.hikari.pool.HikariPool        : HikariPool-1 - Fill pool skipped, pool has sufficient level or currently being filled.
2026-04-11T13:23:35.582+07:00 DEBUG 41428 --- [restaurant-service] [l-1:housekeeper] [                                                 ] com.zaxxer.hikari.pool.HikariPool        : HikariPool-1 - keepalive: connection org.postgresql.jdbc.PgConnection@67cc57aa is alive
2026-04-11T13:23:38.036+07:00 DEBUG 41428 --- [restaurant-service] [l-1:housekeeper] [                                                 ] com.zaxxer.hikari.pool.HikariPool        : HikariPool-1 - keepalive: connection org.postgresql.jdbc.PgConnection@5951231d is alive
2026-04-11T13:23:40.263+07:00 DEBUG 41428 --- [restaurant-service] [l-1:housekeeper] [                                                 ] com.zaxxer.hikari.pool.HikariPool        : HikariPool-1 - keepalive: connection org.postgresql.jdbc.PgConnection@29ae2346 is alive
2026-04-11T13:23:41.848+07:00 DEBUG 41428 --- [restaurant-service] [l-1:housekeeper] [                                                 ] com.zaxxer.hikari.pool.HikariPool        : HikariPool-1 - keepalive: connection org.postgresql.jdbc.PgConnection@719a6515 is alive
2026-04-11T13:23:47.814+07:00 DEBUG 41428 --- [restaurant-service] [l-1:housekeeper] [                                                 ] com.zaxxer.hikari.pool.HikariPool        : HikariPool-1 - Pool stats (total=10/10, idle=10/10, active=0, waiting=0)
2026-04-11T13:23:47.814+07:00 DEBUG 41428 --- [restaurant-service] [l-1:housekeeper] [                                                 ] com.zaxxer.hikari.pool.HikariPool        : HikariPool-1 - Fill pool skipped, pool has sufficient level or currently being filled.
2026-04-11T13:23:53.907+07:00 DEBUG 41428 --- [restaurant-service] [l-1:housekeeper] [                                                 ] com.zaxxer.hikari.pool.HikariPool        : HikariPool-1 - keepalive: connection org.postgresql.jdbc.PgConnection@1b4d9f2e is alive
2026-04-11T13:24:11.336+07:00 DEBUG 41428 --- [restaurant-service] [l-1:housekeeper] [                                                 ] com.zaxxer.hikari.pool.HikariPool        : HikariPool-1 - keepalive: connection org.postgresql.jdbc.PgConnection@e4dbfbd is alive
2026-04-11T13:24:11.542+07:00 DEBUG 41428 --- [restaurant-service] [l-1:housekeeper] [                                                 ] com.zaxxer.hikari.pool.HikariPool        : HikariPool-1 - keepalive: connection org.postgresql.jdbc.PgConnection@226ef458 is alive
2026-04-11T13:24:13.446+07:00 DEBUG 41428 --- [restaurant-service] [l-1:housekeeper] [                                                 ] com.zaxxer.hikari.pool.HikariPool        : HikariPool-1 - keepalive: connection org.postgresql.jdbc.PgConnection@44f97de1 is alive
2026-04-11T13:24:17.814+07:00 DEBUG 41428 --- [restaurant-service] [l-1:housekeeper] [                                                 ] com.zaxxer.hikari.pool.HikariPool        : HikariPool-1 - Pool stats (total=10/10, idle=10/10, active=0, waiting=0)
2026-04-11T13:24:17.814+07:00 DEBUG 41428 --- [restaurant-service] [l-1:housekeeper] [                                                 ] com.zaxxer.hikari.pool.HikariPool        : HikariPool-1 - Fill pool skipped, pool has sufficient level or currently being filled.
2026-04-11T13:24:34.145+07:00 DEBUG 41428 --- [restaurant-service] [l-1:housekeeper] [                                                 ] com.zaxxer.hikari.pool.HikariPool        : HikariPool-1 - keepalive: connection org.postgresql.jdbc.PgConnection@24b29416 is alive
2026-04-11T13:24:35.399+07:00 DEBUG 41428 --- [restaurant-service] [l-1:housekeeper] [                                                 ] com.zaxxer.hikari.pool.HikariPool        : HikariPool-1 - keepalive: connection org.postgresql.jdbc.PgConnection@4b5d4cd is alive
2026-04-11T13:24:47.821+07:00 DEBUG 41428 --- [restaurant-service] [l-1:housekeeper] [                                                 ] com.zaxxer.hikari.pool.HikariPool        : HikariPool-1 - Pool stats (total=10/10, idle=10/10, active=0, waiting=0)
2026-04-11T13:24:47.821+07:00 DEBUG 41428 --- [restaurant-service] [l-1:housekeeper] [                                                 ] com.zaxxer.hikari.pool.HikariPool        : HikariPool-1 - Fill pool skipped, pool has sufficient level or currently being filled.
2026-04-11T13:25:14.954+07:00 DEBUG 41428 --- [restaurant-service] [l-1:housekeeper] [                                                 ] com.zaxxer.hikari.pool.HikariPool        : HikariPool-1 - keepalive: connection org.postgresql.jdbc.PgConnection@5951231d is alive
2026-04-11T13:25:17.826+07:00 DEBUG 41428 --- [restaurant-service] [l-1:housekeeper] [                                                 ] com.zaxxer.hikari.pool.HikariPool        : HikariPool-1 - Pool stats (total=10/10, idle=10/10, active=0, waiting=0)
2026-04-11T13:25:17.826+07:00 DEBUG 41428 --- [restaurant-service] [l-1:housekeeper] [                                                 ] com.zaxxer.hikari.pool.HikariPool        : HikariPool-1 - Fill pool skipped, pool has sufficient level or currently being filled.
2026-04-11T13:25:20.560+07:00 DEBUG 41428 --- [restaurant-service] [l-1:housekeeper] [                                                 ] com.zaxxer.hikari.pool.HikariPool        : HikariPool-1 - keepalive: connection org.postgresql.jdbc.PgConnection@719a6515 is alive
2026-04-11T13:25:22.690+07:00 DEBUG 41428 --- [restaurant-service] [l-1:housekeeper] [                                                 ] com.zaxxer.hikari.pool.HikariPool        : HikariPool-1 - keepalive: connection org.postgresql.jdbc.PgConnection@67cc57aa is alive
2026-04-11T13:25:31.041+07:00 DEBUG 41428 --- [restaurant-service] [l-1:housekeeper] [                                                 ] com.zaxxer.hikari.pool.HikariPool        : HikariPool-1 - keepalive: connection org.postgresql.jdbc.PgConnection@1b4d9f2e is alive
2026-04-11T13:25:36.045+07:00 DEBUG 41428 --- [restaurant-service] [l-1:housekeeper] [                                                 ] com.zaxxer.hikari.pool.HikariPool        : HikariPool-1 - keepalive: connection org.postgresql.jdbc.PgConnection@29ae2346 is alive
2026-04-11T13:25:47.842+07:00 DEBUG 41428 --- [restaurant-service] [l-1:housekeeper] [                                                 ] com.zaxxer.hikari.pool.HikariPool        : HikariPool-1 - Pool stats (total=10/10, idle=10/10, active=0, waiting=0)
2026-04-11T13:25:47.842+07:00 DEBUG 41428 --- [restaurant-service] [l-1:housekeeper] [                                                 ] com.zaxxer.hikari.pool.HikariPool        : HikariPool-1 - Fill pool skipped, pool has sufficient level or currently being filled.
2026-04-11T13:25:50.887+07:00 DEBUG 41428 --- [restaurant-service] [l-1:housekeeper] [                                                 ] com.zaxxer.hikari.pool.HikariPool        : HikariPool-1 - keepalive: connection org.postgresql.jdbc.PgConnection@e4dbfbd is alive
2026-04-11T13:25:54.033+07:00 DEBUG 41428 --- [restaurant-service] [l-1:housekeeper] [                                                 ] com.zaxxer.hikari.pool.HikariPool        : HikariPool-1 - keepalive: connection org.postgresql.jdbc.PgConnection@226ef458 is alive
2026-04-11T13:25:55.473+07:00 DEBUG 41428 --- [restaurant-service] [l-1:housekeeper] [                                                 ] com.zaxxer.hikari.pool.HikariPool        : HikariPool-1 - keepalive: connection org.postgresql.jdbc.PgConnection@44f97de1 is alive
2026-04-11T13:26:17.195+07:00 DEBUG 41428 --- [restaurant-service] [l-1:housekeeper] [                                                 ] com.zaxxer.hikari.pool.HikariPool        : HikariPool-1 - keepalive: connection org.postgresql.jdbc.PgConnection@24b29416 is alive
2026-04-11T13:26:17.852+07:00 DEBUG 41428 --- [restaurant-service] [l-1:housekeeper] [                                                 ] com.zaxxer.hikari.pool.HikariPool        : HikariPool-1 - Pool stats (total=10/10, idle=10/10, active=0, waiting=0)
2026-04-11T13:26:17.852+07:00 DEBUG 41428 --- [restaurant-service] [l-1:housekeeper] [                                                 ] com.zaxxer.hikari.pool.HikariPool        : HikariPool-1 - Fill pool skipped, pool has sufficient level or currently being filled.
2026-04-11T13:26:28.381+07:00 DEBUG 41428 --- [restaurant-service] [l-1:housekeeper] [                                                 ] com.zaxxer.hikari.pool.HikariPool        : HikariPool-1 - keepalive: connection org.postgresql.jdbc.PgConnection@4b5d4cd is alive
2026-04-11T13:26:47.855+07:00 DEBUG 41428 --- [restaurant-service] [l-1:housekeeper] [                                                 ] com.zaxxer.hikari.pool.HikariPool        : HikariPool-1 - Pool stats (total=10/10, idle=10/10, active=0, waiting=0)
2026-04-11T13:26:47.855+07:00 DEBUG 41428 --- [restaurant-service] [l-1:housekeeper] [                                                 ] com.zaxxer.hikari.pool.HikariPool        : HikariPool-1 - Fill pool skipped, pool has sufficient level or currently being filled.
2026-04-11T13:26:51.861+07:00 DEBUG 41428 --- [restaurant-service] [l-1:housekeeper] [                                                 ] com.zaxxer.hikari.pool.HikariPool        : HikariPool-1 - keepalive: connection org.postgresql.jdbc.PgConnection@5951231d is alive
2026-04-11T13:26:59.262+07:00 DEBUG 41428 --- [restaurant-service] [l-1:housekeeper] [                                                 ] com.zaxxer.hikari.pool.HikariPool        : HikariPool-1 - keepalive: connection org.postgresql.jdbc.PgConnection@719a6515 is alive
2026-04-11T13:27:08.179+07:00 DEBUG 41428 --- [restaurant-service] [l-1:housekeeper] [                                                 ] com.zaxxer.hikari.pool.HikariPool        : HikariPool-1 - keepalive: connection org.postgresql.jdbc.PgConnection@1b4d9f2e is alive
2026-04-11T13:27:09.797+07:00 DEBUG 41428 --- [restaurant-service] [l-1:housekeeper] [                                                 ] com.zaxxer.hikari.pool.HikariPool        : HikariPool-1 - keepalive: connection org.postgresql.jdbc.PgConnection@67cc57aa is alive
2026-04-11T13:27:17.867+07:00 DEBUG 41428 --- [restaurant-service] [l-1:housekeeper] [                                                 ] com.zaxxer.hikari.pool.HikariPool        : HikariPool-1 - Pool stats (total=10/10, idle=10/10, active=0, waiting=0)
2026-04-11T13:27:17.867+07:00 DEBUG 41428 --- [restaurant-service] [l-1:housekeeper] [                                                 ] com.zaxxer.hikari.pool.HikariPool        : HikariPool-1 - Fill pool skipped, pool has sufficient level or currently being filled.
2026-04-11T13:27:30.452+07:00 DEBUG 41428 --- [restaurant-service] [l-1:housekeeper] [                                                 ] com.zaxxer.hikari.pool.HikariPool        : HikariPool-1 - keepalive: connection org.postgresql.jdbc.PgConnection@e4dbfbd is alive
2026-04-11T13:27:31.819+07:00 DEBUG 41428 --- [restaurant-service] [l-1:housekeeper] [                                                 ] com.zaxxer.hikari.pool.HikariPool        : HikariPool-1 - keepalive: connection org.postgresql.jdbc.PgConnection@29ae2346 is alive
2026-04-11T13:27:36.521+07:00 DEBUG 41428 --- [restaurant-service] [l-1:housekeeper] [                                                 ] com.zaxxer.hikari.pool.HikariPool        : HikariPool-1 - keepalive: connection org.postgresql.jdbc.PgConnection@226ef458 is alive
2026-04-11T13:27:37.493+07:00 DEBUG 41428 --- [restaurant-service] [l-1:housekeeper] [                                                 ] com.zaxxer.hikari.pool.HikariPool        : HikariPool-1 - keepalive: connection org.postgresql.jdbc.PgConnection@44f97de1 is alive
2026-04-11T13:27:47.877+07:00 DEBUG 41428 --- [restaurant-service] [l-1:housekeeper] [                                                 ] com.zaxxer.hikari.pool.HikariPool        : HikariPool-1 - Pool stats (total=10/10, idle=10/10, active=0, waiting=0)
2026-04-11T13:27:47.877+07:00 DEBUG 41428 --- [restaurant-service] [l-1:housekeeper] [                                                 ] com.zaxxer.hikari.pool.HikariPool        : HikariPool-1 - Fill pool skipped, pool has sufficient level or currently being filled.
2026-04-11T13:27:59.266+07:00  INFO 41428 --- [restaurant-service] [rap-executor-%d] [                                                 ] c.n.d.s.r.aws.ConfigClusterResolver      : Resolving eureka endpoints via configuration
2026-04-11T13:28:00.243+07:00 DEBUG 41428 --- [restaurant-service] [l-1:housekeeper] [                                                 ] com.zaxxer.hikari.pool.HikariPool        : HikariPool-1 - keepalive: connection org.postgresql.jdbc.PgConnection@24b29416 is alive
2026-04-11T13:28:14.011+07:00 DEBUG 41428 --- [restaurant-service] [nnection-closer] [                                                 ] com.zaxxer.hikari.pool.PoolBase          : HikariPool-1 - Closing connection org.postgresql.jdbc.PgConnection@226ef458: (connection has passed maxLifetime)
2026-04-11T13:28:14.013+07:00 DEBUG 41428 --- [restaurant-service] [onnection-adder] [                                                 ] com.zaxxer.hikari.pool.PoolBase          : HikariPool-1 - Attempting to create/setup new connection (012102ed-8600-43c2-8109-95557c085d07)
2026-04-11T13:28:14.080+07:00 DEBUG 41428 --- [restaurant-service] [onnection-adder] [                                                 ] com.zaxxer.hikari.pool.PoolBase          : HikariPool-1 - Established new connection (012102ed-8600-43c2-8109-95557c085d07)
2026-04-11T13:28:14.080+07:00 DEBUG 41428 --- [restaurant-service] [onnection-adder] [                                                 ] com.zaxxer.hikari.pool.HikariPool        : HikariPool-1 - Added connection org.postgresql.jdbc.PgConnection@7056a462
2026-04-11T13:28:17.890+07:00 DEBUG 41428 --- [restaurant-service] [l-1:housekeeper] [                                                 ] com.zaxxer.hikari.pool.HikariPool        : HikariPool-1 - Pool stats (total=10/10, idle=10/10, active=0, waiting=0)
2026-04-11T13:28:17.890+07:00 DEBUG 41428 --- [restaurant-service] [l-1:housekeeper] [                                                 ] com.zaxxer.hikari.pool.HikariPool        : HikariPool-1 - Fill pool skipped, pool has sufficient level or currently being filled.
2026-04-11T13:28:21.378+07:00 DEBUG 41428 --- [restaurant-service] [l-1:housekeeper] [                                                 ] com.zaxxer.hikari.pool.HikariPool        : HikariPool-1 - keepalive: connection org.postgresql.jdbc.PgConnection@4b5d4cd is alive
2026-04-11T13:28:28.776+07:00 DEBUG 41428 --- [restaurant-service] [l-1:housekeeper] [                                                 ] com.zaxxer.hikari.pool.HikariPool        : HikariPool-1 - keepalive: connection org.postgresql.jdbc.PgConnection@5951231d is alive
2026-04-11T13:28:37.963+07:00 DEBUG 41428 --- [restaurant-service] [l-1:housekeeper] [                                                 ] com.zaxxer.hikari.pool.HikariPool        : HikariPool-1 - keepalive: connection org.postgresql.jdbc.PgConnection@719a6515 is alive
2026-04-11T13:28:45.323+07:00 DEBUG 41428 --- [restaurant-service] [l-1:housekeeper] [                                                 ] com.zaxxer.hikari.pool.HikariPool        : HikariPool-1 - keepalive: connection org.postgresql.jdbc.PgConnection@1b4d9f2e is alive
2026-04-11T13:28:47.891+07:00 DEBUG 41428 --- [restaurant-service] [l-1:housekeeper] [                                                 ] com.zaxxer.hikari.pool.HikariPool        : HikariPool-1 - Pool stats (total=10/10, idle=10/10, active=0, waiting=0)
2026-04-11T13:28:47.891+07:00 DEBUG 41428 --- [restaurant-service] [l-1:housekeeper] [                                                 ] com.zaxxer.hikari.pool.HikariPool        : HikariPool-1 - Fill pool skipped, pool has sufficient level or currently being filled.
2026-04-11T13:28:56.893+07:00 DEBUG 41428 --- [restaurant-service] [l-1:housekeeper] [                                                 ] com.zaxxer.hikari.pool.HikariPool        : HikariPool-1 - keepalive: connection org.postgresql.jdbc.PgConnection@67cc57aa is alive
2026-04-11T13:29:10.008+07:00 DEBUG 41428 --- [restaurant-service] [l-1:housekeeper] [                                                 ] com.zaxxer.hikari.pool.HikariPool        : HikariPool-1 - keepalive: connection org.postgresql.jdbc.PgConnection@e4dbfbd is alive
2026-04-11T13:29:17.902+07:00 DEBUG 41428 --- [restaurant-service] [l-1:housekeeper] [                                                 ] com.zaxxer.hikari.pool.HikariPool        : HikariPool-1 - Pool stats (total=10/10, idle=10/10, active=0, waiting=0)
2026-04-11T13:29:17.902+07:00 DEBUG 41428 --- [restaurant-service] [l-1:housekeeper] [                                                 ] com.zaxxer.hikari.pool.HikariPool        : HikariPool-1 - Fill pool skipped, pool has sufficient level or currently being filled.
2026-04-11T13:29:19.509+07:00 DEBUG 41428 --- [restaurant-service] [l-1:housekeeper] [                                                 ] com.zaxxer.hikari.pool.HikariPool        : HikariPool-1 - keepalive: connection org.postgresql.jdbc.PgConnection@44f97de1 is alive
2026-04-11T13:29:27.593+07:00 DEBUG 41428 --- [restaurant-service] [l-1:housekeeper] [                                                 ] com.zaxxer.hikari.pool.HikariPool        : HikariPool-1 - keepalive: connection org.postgresql.jdbc.PgConnection@29ae2346 is alive
2026-04-11T13:29:30.643+07:00 DEBUG 41428 --- [restaurant-service] [nio-8085-exec-5] [69d9ea4a01f9a6bde3130c3960b15377-1ea00e6acc8fe421] o.j.s.OpenEntityManagerInViewInterceptor : Opening JPA EntityManager in OpenEntityManagerInViewInterceptor
2026-04-11T13:29:30.659+07:00 DEBUG 41428 --- [restaurant-service] [nio-8085-exec-5] [69d9ea4a01f9a6bde3130c3960b15377-1ea00e6acc8fe421] o.s.orm.jpa.JpaTransactionManager        : Found thread-bound EntityManager [SessionImpl(474600111<open>)] for JPA transaction
2026-04-11T13:29:30.659+07:00 DEBUG 41428 --- [restaurant-service] [nio-8085-exec-5] [69d9ea4a01f9a6bde3130c3960b15377-1ea00e6acc8fe421] o.s.orm.jpa.JpaTransactionManager        : Creating new transaction with name [org.springframework.data.jpa.repository.support.SimpleJpaRepository.count]: PROPAGATION_REQUIRED,ISOLATION_DEFAULT,readOnly
2026-04-11T13:29:30.659+07:00 DEBUG 41428 --- [restaurant-service] [nio-8085-exec-5] [69d9ea4a01f9a6bde3130c3960b15377-1ea00e6acc8fe421] o.s.orm.jpa.JpaTransactionManager        : Exposing JPA transaction as JDBC [org.springframework.orm.jpa.vendor.HibernateJpaDialect$HibernateConnectionHandle@1502ae49]
2026-04-11T13:29:30.665+07:00 DEBUG 41428 --- [restaurant-service] [nio-8085-exec-5] [69d9ea4a01f9a6bde3130c3960b15377-1ea00e6acc8fe421] org.hibernate.SQL                        : 
    /* select
        count(*) 
    from
        Restaurants x */ select
            count(*) 
        from
            restaurants r1_0
Hibernate: 
    /* select
        count(*) 
    from
        Restaurants x */ select
            count(*) 
        from
            restaurants r1_0
2026-04-11T13:29:30.679+07:00  WARN 41428 --- [restaurant-service] [nio-8085-exec-5] [69d9ea4a01f9a6bde3130c3960b15377-1ea00e6acc8fe421] o.h.engine.jdbc.spi.SqlExceptionHelper   : SQL Error: 0, SQLState: 42P01
2026-04-11T13:29:30.679+07:00 ERROR 41428 --- [restaurant-service] [nio-8085-exec-5] [69d9ea4a01f9a6bde3130c3960b15377-1ea00e6acc8fe421] o.h.engine.jdbc.spi.SqlExceptionHelper   : ERROR: relation "restaurants" does not exist
  Position: 63
2026-04-11T13:29:30.680+07:00 DEBUG 41428 --- [restaurant-service] [nio-8085-exec-5] [69d9ea4a01f9a6bde3130c3960b15377-1ea00e6acc8fe421] o.s.orm.jpa.JpaTransactionManager        : Initiating transaction rollback
2026-04-11T13:29:30.680+07:00 DEBUG 41428 --- [restaurant-service] [nio-8085-exec-5] [69d9ea4a01f9a6bde3130c3960b15377-1ea00e6acc8fe421] o.s.orm.jpa.JpaTransactionManager        : Rolling back JPA transaction on EntityManager [SessionImpl(474600111<open>)]
2026-04-11T13:29:30.682+07:00 DEBUG 41428 --- [restaurant-service] [nio-8085-exec-5] [69d9ea4a01f9a6bde3130c3960b15377-1ea00e6acc8fe421] o.s.orm.jpa.JpaTransactionManager        : Not closing pre-bound JPA EntityManager after transaction
2026-04-11T13:29:30.682+07:00 DEBUG 41428 --- [restaurant-service] [nio-8085-exec-5] [69d9ea4a01f9a6bde3130c3960b15377-1ea00e6acc8fe421] o.s.orm.jpa.JpaTransactionManager        : Found thread-bound EntityManager [SessionImpl(474600111<open>)] for JPA transaction
2026-04-11T13:29:30.682+07:00 DEBUG 41428 --- [restaurant-service] [nio-8085-exec-5] [69d9ea4a01f9a6bde3130c3960b15377-1ea00e6acc8fe421] o.s.orm.jpa.JpaTransactionManager        : Creating new transaction with name [org.springframework.data.jpa.repository.support.SimpleJpaRepository.count]: PROPAGATION_REQUIRED,ISOLATION_DEFAULT,readOnly
2026-04-11T13:29:30.683+07:00 DEBUG 41428 --- [restaurant-service] [nio-8085-exec-5] [69d9ea4a01f9a6bde3130c3960b15377-1ea00e6acc8fe421] o.s.orm.jpa.JpaTransactionManager        : Exposing JPA transaction as JDBC [org.springframework.orm.jpa.vendor.HibernateJpaDialect$HibernateConnectionHandle@544bc473]
2026-04-11T13:29:30.683+07:00 DEBUG 41428 --- [restaurant-service] [nio-8085-exec-5] [69d9ea4a01f9a6bde3130c3960b15377-1ea00e6acc8fe421] org.hibernate.SQL                        : 
    /* select
        count(*) 
    from
        Products x */ select
            count(*) 
        from
            products p1_0
Hibernate: 
    /* select
        count(*) 
    from
        Products x */ select
            count(*) 
        from
            products p1_0
2026-04-11T13:29:30.683+07:00  WARN 41428 --- [restaurant-service] [nio-8085-exec-5] [69d9ea4a01f9a6bde3130c3960b15377-1ea00e6acc8fe421] o.h.engine.jdbc.spi.SqlExceptionHelper   : SQL Error: 0, SQLState: 42P01
2026-04-11T13:29:30.683+07:00 ERROR 41428 --- [restaurant-service] [nio-8085-exec-5] [69d9ea4a01f9a6bde3130c3960b15377-1ea00e6acc8fe421] o.h.engine.jdbc.spi.SqlExceptionHelper   : ERROR: relation "products" does not exist
  Position: 60
2026-04-11T13:29:30.683+07:00 DEBUG 41428 --- [restaurant-service] [nio-8085-exec-5] [69d9ea4a01f9a6bde3130c3960b15377-1ea00e6acc8fe421] o.s.orm.jpa.JpaTransactionManager        : Initiating transaction rollback
2026-04-11T13:29:30.683+07:00 DEBUG 41428 --- [restaurant-service] [nio-8085-exec-5] [69d9ea4a01f9a6bde3130c3960b15377-1ea00e6acc8fe421] o.s.orm.jpa.JpaTransactionManager        : Rolling back JPA transaction on EntityManager [SessionImpl(474600111<open>)]
2026-04-11T13:29:30.683+07:00 DEBUG 41428 --- [restaurant-service] [nio-8085-exec-5] [69d9ea4a01f9a6bde3130c3960b15377-1ea00e6acc8fe421] o.s.orm.jpa.JpaTransactionManager        : Not closing pre-bound JPA EntityManager after transaction
2026-04-11T13:29:30.683+07:00 DEBUG 41428 --- [restaurant-service] [nio-8085-exec-5] [69d9ea4a01f9a6bde3130c3960b15377-1ea00e6acc8fe421] o.s.orm.jpa.JpaTransactionManager        : Found thread-bound EntityManager [SessionImpl(474600111<open>)] for JPA transaction
2026-04-11T13:29:30.683+07:00 DEBUG 41428 --- [restaurant-service] [nio-8085-exec-5] [69d9ea4a01f9a6bde3130c3960b15377-1ea00e6acc8fe421] o.s.orm.jpa.JpaTransactionManager        : Creating new transaction with name [org.springframework.data.jpa.repository.support.SimpleJpaRepository.count]: PROPAGATION_REQUIRED,ISOLATION_DEFAULT,readOnly
2026-04-11T13:29:30.683+07:00 DEBUG 41428 --- [restaurant-service] [nio-8085-exec-5] [69d9ea4a01f9a6bde3130c3960b15377-1ea00e6acc8fe421] o.s.orm.jpa.JpaTransactionManager        : Exposing JPA transaction as JDBC [org.springframework.orm.jpa.vendor.HibernateJpaDialect$HibernateConnectionHandle@68ddf461]
2026-04-11T13:29:30.724+07:00 DEBUG 41428 --- [restaurant-service] [nio-8085-exec-5] [69d9ea4a01f9a6bde3130c3960b15377-1ea00e6acc8fe421] org.hibernate.SQL                        : 
    /* select
        count(*) 
    from
        Categories x */ select
            count(*) 
        from
            categories c1_0
Hibernate: 
    /* select
        count(*) 
    from
        Categories x */ select
            count(*) 
        from
            categories c1_0
2026-04-11T13:29:30.839+07:00 DEBUG 41428 --- [restaurant-service] [nio-8085-exec-5] [69d9ea4a01f9a6bde3130c3960b15377-1ea00e6acc8fe421] o.s.orm.jpa.JpaTransactionManager        : Initiating transaction commit
2026-04-11T13:29:30.839+07:00 DEBUG 41428 --- [restaurant-service] [nio-8085-exec-5] [69d9ea4a01f9a6bde3130c3960b15377-1ea00e6acc8fe421] o.s.orm.jpa.JpaTransactionManager        : Committing JPA transaction on EntityManager [SessionImpl(474600111<open>)]
2026-04-11T13:29:30.840+07:00 DEBUG 41428 --- [restaurant-service] [nio-8085-exec-5] [69d9ea4a01f9a6bde3130c3960b15377-1ea00e6acc8fe421] o.s.orm.jpa.JpaTransactionManager        : Not closing pre-bound JPA EntityManager after transaction
2026-04-11T13:29:30.886+07:00 DEBUG 41428 --- [restaurant-service] [nio-8085-exec-5] [69d9ea4a01f9a6bde3130c3960b15377-1ea00e6acc8fe421] o.j.s.OpenEntityManagerInViewInterceptor : Closing JPA EntityManager in OpenEntityManagerInViewInterceptor
2026-04-11T13:29:30.954+07:00 DEBUG 41428 --- [restaurant-service] [nio-8085-exec-4] [69d9ea4a1ad8ed147098f4a981b581b8-3e1dc26c436e3e24] o.j.s.OpenEntityManagerInViewInterceptor : Opening JPA EntityManager in OpenEntityManagerInViewInterceptor
2026-04-11T13:29:30.986+07:00 DEBUG 41428 --- [restaurant-service] [nio-8085-exec-4] [69d9ea4a1ad8ed147098f4a981b581b8-3e1dc26c436e3e24] org.hibernate.SQL                        : 
    /* SELECT
        COALESCE(AVG(r.rating), 0) 
    FROM
        Reviews r 
    WHERE
        r.reviewType = com.CNTTK18.restaurant_service.model.data.ReviewType.RESTAURANT */ select
            coalesce(avg(r1_0.rating), 0) 
        from
            reviews r1_0 
        where
            r1_0.review_type='RESTAURANT'
Hibernate: 
    /* SELECT
        COALESCE(AVG(r.rating), 0) 
    FROM
        Reviews r 
    WHERE
        r.reviewType = com.CNTTK18.restaurant_service.model.data.ReviewType.RESTAURANT */ select
            coalesce(avg(r1_0.rating), 0) 
        from
            reviews r1_0 
        where
            r1_0.review_type='RESTAURANT'
2026-04-11T13:29:31.084+07:00 DEBUG 41428 --- [restaurant-service] [nio-8085-exec-4] [69d9ea4a1ad8ed147098f4a981b581b8-3e1dc26c436e3e24] o.j.s.OpenEntityManagerInViewInterceptor : Closing JPA EntityManager in OpenEntityManagerInViewInterceptor
2026-04-11T13:29:43.292+07:00 DEBUG 41428 --- [restaurant-service] [l-1:housekeeper] [                                                 ] com.zaxxer.hikari.pool.HikariPool        : HikariPool-1 - keepalive: connection org.postgresql.jdbc.PgConnection@24b29416 is alive
2026-04-11T13:29:44.719+07:00 DEBUG 41428 --- [restaurant-service] [nio-8085-exec-1] [69d9ea58698ce7f32af1ef61e93dbd79-54850a40f6d08359] o.j.s.OpenEntityManagerInViewInterceptor : Opening JPA EntityManager in OpenEntityManagerInViewInterceptor
2026-04-11T13:29:44.739+07:00 DEBUG 41428 --- [restaurant-service] [nio-8085-exec-1] [69d9ea58698ce7f32af1ef61e93dbd79-54850a40f6d08359] org.hibernate.SQL                        : 
    /* dynamic native SQL query */ SELECT
        DISTINCT r.* 
    FROM
        restaurants r 
    JOIN
        restaurant_categories rc 
            ON r.id = rc.restaurant_id 
    JOIN
        categories c 
            ON c.id = rc.category_id 
    WHERE
        (
            ? IS NULL 
            OR r.enabled = ?
        ) 
        AND (
            ? IS NULL 
            OR LOWER(r.res_name) LIKE LOWER(CONCAT('%', ?, '%'))
        ) 
        AND (
            ? IS NULL 
            OR LOWER(c.cate_name) LIKE LOWER(CONCAT('%', ?, '%'))
        ) 
        AND ST_DWithin(     r.geom::geography,     ST_SetSRID(ST_MakePoint(?, ?), 4326)::geography,     ? )  
    order by
        r.id asc 
    fetch
        first ? rows only
Hibernate: 
    /* dynamic native SQL query */ SELECT
        DISTINCT r.* 
    FROM
        restaurants r 
    JOIN
        restaurant_categories rc 
            ON r.id = rc.restaurant_id 
    JOIN
        categories c 
            ON c.id = rc.category_id 
    WHERE
        (
            ? IS NULL 
            OR r.enabled = ?
        ) 
        AND (
            ? IS NULL 
            OR LOWER(r.res_name) LIKE LOWER(CONCAT('%', ?, '%'))
        ) 
        AND (
            ? IS NULL 
            OR LOWER(c.cate_name) LIKE LOWER(CONCAT('%', ?, '%'))
        ) 
        AND ST_DWithin(     r.geom::geography,     ST_SetSRID(ST_MakePoint(?, ?), 4326)::geography,     ? )  
    order by
        r.id asc 
    fetch
        first ? rows only
2026-04-11T13:29:44.743+07:00  WARN 41428 --- [restaurant-service] [nio-8085-exec-1] [69d9ea58698ce7f32af1ef61e93dbd79-54850a40f6d08359] o.h.engine.jdbc.spi.SqlExceptionHelper   : SQL Error: 0, SQLState: 42P01
2026-04-11T13:29:44.743+07:00 ERROR 41428 --- [restaurant-service] [nio-8085-exec-1] [69d9ea58698ce7f32af1ef61e93dbd79-54850a40f6d08359] o.h.engine.jdbc.spi.SqlExceptionHelper   : ERROR: relation "restaurants" does not exist
  Position: 57
2026-04-11T13:29:44.768+07:00  WARN 41428 --- [restaurant-service] [nio-8085-exec-1] [69d9ea58698ce7f32af1ef61e93dbd79-54850a40f6d08359] .m.m.a.ExceptionHandlerExceptionResolver : Resolved [org.springframework.dao.InvalidDataAccessResourceUsageException: JDBC exception executing SQL [/* dynamic native SQL query */ SELECT DISTINCT r.*<EOL>FROM restaurants r<EOL>JOIN restaurant_categories rc ON r.id = rc.restaurant_id<EOL>JOIN categories c ON c.id = rc.category_id<EOL>WHERE (? IS NULL OR r.enabled = ?)<EOL>AND (? IS NULL OR LOWER(r.res_name) LIKE LOWER(CONCAT('%', ?, '%')))<EOL>AND (? IS NULL OR LOWER(c.cate_name) LIKE LOWER(CONCAT('%', ?, '%')))<EOL>AND ST_DWithin(<EOL>    r.geom::geography,<EOL>    ST_SetSRID(ST_MakePoint(?, ?), 4326)::geography,<EOL>    ?<EOL>)<EOL> order by r.id asc fetch first ? rows only] [ERROR: relation "restaurants" does not exist<EOL>  Position: 57] [n/a]; SQL [n/a]]
2026-04-11T13:29:44.768+07:00 DEBUG 41428 --- [restaurant-service] [nio-8085-exec-1] [69d9ea58698ce7f32af1ef61e93dbd79-54850a40f6d08359] o.j.s.OpenEntityManagerInViewInterceptor : Closing JPA EntityManager in OpenEntityManagerInViewInterceptor
2026-04-11T13:29:47.903+07:00 DEBUG 41428 --- [restaurant-service] [l-1:housekeeper] [                                                 ] com.zaxxer.hikari.pool.HikariPool        : HikariPool-1 - Pool stats (total=10/10, idle=10/10, active=0, waiting=0)
2026-04-11T13:29:47.903+07:00 DEBUG 41428 --- [restaurant-service] [l-1:housekeeper] [                                                 ] com.zaxxer.hikari.pool.HikariPool        : HikariPool-1 - Fill pool skipped, pool has sufficient level or currently being filled.
2026-04-11T13:30:03.864+07:00 DEBUG 41428 --- [restaurant-service] [nio-8085-exec-3] [69d9ea6b6f62a4032ab5f2367956e213-c9b662cf09628352] o.j.s.OpenEntityManagerInViewInterceptor : Opening JPA EntityManager in OpenEntityManagerInViewInterceptor
2026-04-11T13:30:03.864+07:00 DEBUG 41428 --- [restaurant-service] [nio-8085-exec-3] [69d9ea6b6f62a4032ab5f2367956e213-c9b662cf09628352] o.s.orm.jpa.JpaTransactionManager        : Found thread-bound EntityManager [SessionImpl(2144968589<open>)] for JPA transaction
2026-04-11T13:30:03.864+07:00 DEBUG 41428 --- [restaurant-service] [nio-8085-exec-3] [69d9ea6b6f62a4032ab5f2367956e213-c9b662cf09628352] o.s.orm.jpa.JpaTransactionManager        : Creating new transaction with name [org.springframework.data.jpa.repository.support.SimpleJpaRepository.findAll]: PROPAGATION_REQUIRED,ISOLATION_DEFAULT,readOnly
2026-04-11T13:30:03.864+07:00 DEBUG 41428 --- [restaurant-service] [nio-8085-exec-3] [69d9ea6b6f62a4032ab5f2367956e213-c9b662cf09628352] o.s.orm.jpa.JpaTransactionManager        : Exposing JPA transaction as JDBC [org.springframework.orm.jpa.vendor.HibernateJpaDialect$HibernateConnectionHandle@e213525]
2026-04-11T13:30:03.876+07:00 DEBUG 41428 --- [restaurant-service] [nio-8085-exec-3] [69d9ea6b6f62a4032ab5f2367956e213-c9b662cf09628352] org.hibernate.SQL                        : 
    /* <criteria> */ select
        c1_0.id,
        c1_0.cate_name 
    from
        categories c1_0
Hibernate: 
    /* <criteria> */ select
        c1_0.id,
        c1_0.cate_name 
    from
        categories c1_0
2026-04-11T13:30:03.876+07:00 DEBUG 41428 --- [restaurant-service] [nio-8085-exec-3] [69d9ea6b6f62a4032ab5f2367956e213-c9b662cf09628352] o.s.orm.jpa.JpaTransactionManager        : Initiating transaction commit
2026-04-11T13:30:03.876+07:00 DEBUG 41428 --- [restaurant-service] [nio-8085-exec-3] [69d9ea6b6f62a4032ab5f2367956e213-c9b662cf09628352] o.s.orm.jpa.JpaTransactionManager        : Committing JPA transaction on EntityManager [SessionImpl(2144968589<open>)]
2026-04-11T13:30:03.876+07:00 DEBUG 41428 --- [restaurant-service] [nio-8085-exec-3] [69d9ea6b6f62a4032ab5f2367956e213-c9b662cf09628352] o.s.orm.jpa.JpaTransactionManager        : Not closing pre-bound JPA EntityManager after transaction
List com.CNTTK18.restaurant_service.service.Impl.CateServiceImpl.getAllCategories() executed in 12ms
2026-04-11T13:30:03.882+07:00 DEBUG 41428 --- [restaurant-service] [nio-8085-exec-3] [69d9ea6b6f62a4032ab5f2367956e213-c9b662cf09628352] o.j.s.OpenEntityManagerInViewInterceptor : Closing JPA EntityManager in OpenEntityManagerInViewInterceptor
2026-04-11T13:30:05.696+07:00 DEBUG 41428 --- [restaurant-service] [l-1:housekeeper] [                                                 ] com.zaxxer.hikari.pool.HikariPool        : HikariPool-1 - keepalive: connection org.postgresql.jdbc.PgConnection@5951231d is alive
2026-04-11T13:30:12.197+07:00 DEBUG 41428 --- [restaurant-service] [l-1:housekeeper] [                                                 ] com.zaxxer.hikari.pool.HikariPool        : HikariPool-1 - keepalive: connection org.postgresql.jdbc.PgConnection@7056a462 is alive
2026-04-11T13:30:14.361+07:00 DEBUG 41428 --- [restaurant-service] [l-1:housekeeper] [                                                 ] com.zaxxer.hikari.pool.HikariPool        : HikariPool-1 - keepalive: connection org.postgresql.jdbc.PgConnection@4b5d4cd is alive
2026-04-11T13:30:16.673+07:00 DEBUG 41428 --- [restaurant-service] [l-1:housekeeper] [                                                 ] com.zaxxer.hikari.pool.HikariPool        : HikariPool-1 - keepalive: connection org.postgresql.jdbc.PgConnection@719a6515 is alive
2026-04-11T13:30:17.907+07:00 DEBUG 41428 --- [restaurant-service] [l-1:housekeeper] [                                                 ] com.zaxxer.hikari.pool.HikariPool        : HikariPool-1 - Pool stats (total=10/10, idle=10/10, active=0, waiting=0)
2026-04-11T13:30:17.907+07:00 DEBUG 41428 --- [restaurant-service] [l-1:housekeeper] [                                                 ] com.zaxxer.hikari.pool.HikariPool        : HikariPool-1 - Fill pool skipped, pool has sufficient level or currently being filled.
2026-04-11T13:30:22.478+07:00 DEBUG 41428 --- [restaurant-service] [l-1:housekeeper] [                                                 ] com.zaxxer.hikari.pool.HikariPool        : HikariPool-1 - keepalive: connection org.postgresql.jdbc.PgConnection@1b4d9f2e is alive
2026-04-11T13:30:43.996+07:00 DEBUG 41428 --- [restaurant-service] [l-1:housekeeper] [                                                 ] com.zaxxer.hikari.pool.HikariPool        : HikariPool-1 - keepalive: connection org.postgresql.jdbc.PgConnection@67cc57aa is alive
2026-04-11T13:30:47.916+07:00 DEBUG 41428 --- [restaurant-service] [l-1:housekeeper] [                                                 ] com.zaxxer.hikari.pool.HikariPool        : HikariPool-1 - Pool stats (total=10/10, idle=10/10, active=0, waiting=0)
2026-04-11T13:30:47.917+07:00 DEBUG 41428 --- [restaurant-service] [l-1:housekeeper] [                                                 ] com.zaxxer.hikari.pool.HikariPool        : HikariPool-1 - Fill pool skipped, pool has sufficient level or currently being filled.
2026-04-11T13:30:49.567+07:00 DEBUG 41428 --- [restaurant-service] [l-1:housekeeper] [                                                 ] com.zaxxer.hikari.pool.HikariPool        : HikariPool-1 - keepalive: connection org.postgresql.jdbc.PgConnection@e4dbfbd is alive
2026-04-11T13:31:01.533+07:00 DEBUG 41428 --- [restaurant-service] [l-1:housekeeper] [                                                 ] com.zaxxer.hikari.pool.HikariPool        : HikariPool-1 - keepalive: connection org.postgresql.jdbc.PgConnection@44f97de1 is alive
2026-04-11T13:31:17.917+07:00 DEBUG 41428 --- [restaurant-service] [l-1:housekeeper] [                                                 ] com.zaxxer.hikari.pool.HikariPool        : HikariPool-1 - Pool stats (total=10/10, idle=10/10, active=0, waiting=0)
2026-04-11T13:31:17.917+07:00 DEBUG 41428 --- [restaurant-service] [l-1:housekeeper] [                                                 ] com.zaxxer.hikari.pool.HikariPool        : HikariPool-1 - Fill pool skipped, pool has sufficient level or currently being filled.
2026-04-11T13:31:23.375+07:00 DEBUG 41428 --- [restaurant-service] [l-1:housekeeper] [                                                 ] com.zaxxer.hikari.pool.HikariPool        : HikariPool-1 - keepalive: connection org.postgresql.jdbc.PgConnection@29ae2346 is alive
2026-04-11T13:31:26.359+07:00 DEBUG 41428 --- [restaurant-service] [l-1:housekeeper] [                                                 ] com.zaxxer.hikari.pool.HikariPool        : HikariPool-1 - keepalive: connection org.postgresql.jdbc.PgConnection@24b29416 is alive
2026-04-11T13:31:42.613+07:00 DEBUG 41428 --- [restaurant-service] [l-1:housekeeper] [                                                 ] com.zaxxer.hikari.pool.HikariPool        : HikariPool-1 - keepalive: connection org.postgresql.jdbc.PgConnection@5951231d is alive
2026-04-11T13:31:47.924+07:00 DEBUG 41428 --- [restaurant-service] [l-1:housekeeper] [                                                 ] com.zaxxer.hikari.pool.HikariPool        : HikariPool-1 - Pool stats (total=10/10, idle=10/10, active=0, waiting=0)
2026-04-11T13:31:47.924+07:00 DEBUG 41428 --- [restaurant-service] [l-1:housekeeper] [                                                 ] com.zaxxer.hikari.pool.HikariPool        : HikariPool-1 - Fill pool skipped, pool has sufficient level or currently being filled.
2026-04-11T13:31:50.062+07:00 DEBUG 41428 --- [restaurant-service] [nio-8085-exec-6] [69d9ead639b68a14edfefc8fb6167542-dd73504f3a5d8c7c] o.j.s.OpenEntityManagerInViewInterceptor : Opening JPA EntityManager in OpenEntityManagerInViewInterceptor
2026-04-11T13:31:51.398+07:00 DEBUG 41428 --- [restaurant-service] [nio-8085-exec-6] [69d9ead639b68a14edfefc8fb6167542-dd73504f3a5d8c7c] org.hibernate.SQL                        : 
    /* <criteria> */ select
        r1_0.id,
        r1_0.address,
        c1_0.restaurant_id,
        c1_1.id,
        c1_1.cate_name,
        r1_0.closing_time,
        r1_0.created_at,
        r1_0.enabled,
        r1_0.geom,
        r1_0.image_url,
        r1_0.latitude,
        r1_0.longitude,
        r1_0.merchant_id,
        r1_0.opening_time,
        r1_0.phone,
        r1_0.public_id,
        r1_0.rating,
        r1_0.res_name,
        r1_0.slug,
        r1_0.total_review,
        r1_0.updated_at 
    from
        restaurants r1_0 
    left join
        restaurant_categories c1_0 
            on r1_0.id=c1_0.restaurant_id 
    left join
        categories c1_1 
            on c1_1.id=c1_0.category_id 
    where
        r1_0.merchant_id=?
Hibernate: 
    /* <criteria> */ select
        r1_0.id,
        r1_0.address,
        c1_0.restaurant_id,
        c1_1.id,
        c1_1.cate_name,
        r1_0.closing_time,
        r1_0.created_at,
        r1_0.enabled,
        r1_0.geom,
        r1_0.image_url,
        r1_0.latitude,
        r1_0.longitude,
        r1_0.merchant_id,
        r1_0.opening_time,
        r1_0.phone,
        r1_0.public_id,
        r1_0.rating,
        r1_0.res_name,
        r1_0.slug,
        r1_0.total_review,
        r1_0.updated_at 
    from
        restaurants r1_0 
    left join
        restaurant_categories c1_0 
            on r1_0.id=c1_0.restaurant_id 
    left join
        categories c1_1 
            on c1_1.id=c1_0.category_id 
    where
        r1_0.merchant_id=?
2026-04-11T13:31:51.402+07:00  WARN 41428 --- [restaurant-service] [nio-8085-exec-6] [69d9ead639b68a14edfefc8fb6167542-dd73504f3a5d8c7c] o.h.engine.jdbc.spi.SqlExceptionHelper   : SQL Error: 0, SQLState: 42P01
2026-04-11T13:31:51.402+07:00 ERROR 41428 --- [restaurant-service] [nio-8085-exec-6] [69d9ead639b68a14edfefc8fb6167542-dd73504f3a5d8c7c] o.h.engine.jdbc.spi.SqlExceptionHelper   : ERROR: relation "restaurants" does not exist
  Position: 325
2026-04-11T13:31:51.423+07:00  WARN 41428 --- [restaurant-service] [nio-8085-exec-6] [69d9ead639b68a14edfefc8fb6167542-dd73504f3a5d8c7c] .m.m.a.ExceptionHandlerExceptionResolver : Resolved [org.springframework.dao.InvalidDataAccessResourceUsageException: JDBC exception executing SQL [/* <criteria> */ select r1_0.id,r1_0.address,c1_0.restaurant_id,c1_1.id,c1_1.cate_name,r1_0.closing_time,r1_0.created_at,r1_0.enabled,r1_0.geom,r1_0.image_url,r1_0.latitude,r1_0.longitude,r1_0.merchant_id,r1_0.opening_time,r1_0.phone,r1_0.public_id,r1_0.rating,r1_0.res_name,r1_0.slug,r1_0.total_review,r1_0.updated_at from restaurants r1_0 left join restaurant_categories c1_0 on r1_0.id=c1_0.restaurant_id left join categories c1_1 on c1_1.id=c1_0.category_id where r1_0.merchant_id=?] [ERROR: relation "restaurants" does not exist<EOL>  Position: 325] [n/a]; SQL [n/a]]
2026-04-11T13:31:51.423+07:00 DEBUG 41428 --- [restaurant-service] [nio-8085-exec-6] [69d9ead639b68a14edfefc8fb6167542-dd73504f3a5d8c7c] o.j.s.OpenEntityManagerInViewInterceptor : Closing JPA EntityManager in OpenEntityManagerInViewInterceptor
2026-04-11T13:31:51.450+07:00 DEBUG 41428 --- [restaurant-service] [nio-8085-exec-7] [69d9ead7c455463088996cd3fa860319-fb1b949f1033ed70] o.j.s.OpenEntityManagerInViewInterceptor : Opening JPA EntityManager in OpenEntityManagerInViewInterceptor
2026-04-11T13:31:51.479+07:00 DEBUG 41428 --- [restaurant-service] [nio-8085-exec-7] [69d9ead7c455463088996cd3fa860319-fb1b949f1033ed70] org.hibernate.SQL                        : 
    /* <criteria> */ select
        r1_0.id,
        r1_0.address,
        c1_0.restaurant_id,
        c1_1.id,
        c1_1.cate_name,
        r1_0.closing_time,
        r1_0.created_at,
        r1_0.enabled,
        r1_0.geom,
        r1_0.image_url,
        r1_0.latitude,
        r1_0.longitude,
        r1_0.merchant_id,
        r1_0.opening_time,
        r1_0.phone,
        r1_0.public_id,
        r1_0.rating,
        r1_0.res_name,
        r1_0.slug,
        r1_0.total_review,
        r1_0.updated_at 
    from
        restaurants r1_0 
    left join
        restaurant_categories c1_0 
            on r1_0.id=c1_0.restaurant_id 
    left join
        categories c1_1 
            on c1_1.id=c1_0.category_id 
    where
        r1_0.merchant_id=?
Hibernate: 
    /* <criteria> */ select
        r1_0.id,
        r1_0.address,
        c1_0.restaurant_id,
        c1_1.id,
        c1_1.cate_name,
        r1_0.closing_time,
        r1_0.created_at,
        r1_0.enabled,
        r1_0.geom,
        r1_0.image_url,
        r1_0.latitude,
        r1_0.longitude,
        r1_0.merchant_id,
        r1_0.opening_time,
        r1_0.phone,
        r1_0.public_id,
        r1_0.rating,
        r1_0.res_name,
        r1_0.slug,
        r1_0.total_review,
        r1_0.updated_at 
    from
        restaurants r1_0 
    left join
        restaurant_categories c1_0 
            on r1_0.id=c1_0.restaurant_id 
    left join
        categories c1_1 
            on c1_1.id=c1_0.category_id 
    where
        r1_0.merchant_id=?
2026-04-11T13:31:51.480+07:00  WARN 41428 --- [restaurant-service] [nio-8085-exec-7] [69d9ead7c455463088996cd3fa860319-fb1b949f1033ed70] o.h.engine.jdbc.spi.SqlExceptionHelper   : SQL Error: 0, SQLState: 42P01
2026-04-11T13:31:51.481+07:00 ERROR 41428 --- [restaurant-service] [nio-8085-exec-7] [69d9ead7c455463088996cd3fa860319-fb1b949f1033ed70] o.h.engine.jdbc.spi.SqlExceptionHelper   : ERROR: relation "restaurants" does not exist
  Position: 325
2026-04-11T13:31:51.501+07:00  WARN 41428 --- [restaurant-service] [nio-8085-exec-7] [69d9ead7c455463088996cd3fa860319-fb1b949f1033ed70] .m.m.a.ExceptionHandlerExceptionResolver : Resolved [org.springframework.dao.InvalidDataAccessResourceUsageException: JDBC exception executing SQL [/* <criteria> */ select r1_0.id,r1_0.address,c1_0.restaurant_id,c1_1.id,c1_1.cate_name,r1_0.closing_time,r1_0.created_at,r1_0.enabled,r1_0.geom,r1_0.image_url,r1_0.latitude,r1_0.longitude,r1_0.merchant_id,r1_0.opening_time,r1_0.phone,r1_0.public_id,r1_0.rating,r1_0.res_name,r1_0.slug,r1_0.total_review,r1_0.updated_at from restaurants r1_0 left join restaurant_categories c1_0 on r1_0.id=c1_0.restaurant_id left join categories c1_1 on c1_1.id=c1_0.category_id where r1_0.merchant_id=?] [ERROR: relation "restaurants" does not exist<EOL>  Position: 325] [n/a]; SQL [n/a]]
2026-04-11T13:31:51.501+07:00 DEBUG 41428 --- [restaurant-service] [nio-8085-exec-7] [69d9ead7c455463088996cd3fa860319-fb1b949f1033ed70] o.j.s.OpenEntityManagerInViewInterceptor : Closing JPA EntityManager in OpenEntityManagerInViewInterceptor
2026-04-11T13:31:55.383+07:00 DEBUG 41428 --- [restaurant-service] [l-1:housekeeper] [                                                 ] com.zaxxer.hikari.pool.HikariPool        : HikariPool-1 - keepalive: connection org.postgresql.jdbc.PgConnection@719a6515 is alive
2026-04-11T13:31:59.320+07:00 DEBUG 41428 --- [restaurant-service] [nio-8085-exec-2] [69d9eadf943f95cf2f1e7701174d2886-771ce7e796f53ac0] o.j.s.OpenEntityManagerInViewInterceptor : Opening JPA EntityManager in OpenEntityManagerInViewInterceptor
2026-04-11T13:31:59.344+07:00 DEBUG 41428 --- [restaurant-service] [nio-8085-exec-2] [69d9eadf943f95cf2f1e7701174d2886-771ce7e796f53ac0] org.hibernate.SQL                        : 
    /* <criteria> */ select
        r1_0.id,
        r1_0.address,
        c1_0.restaurant_id,
        c1_1.id,
        c1_1.cate_name,
        r1_0.closing_time,
        r1_0.created_at,
        r1_0.enabled,
        r1_0.geom,
        r1_0.image_url,
        r1_0.latitude,
        r1_0.longitude,
        r1_0.merchant_id,
        r1_0.opening_time,
        r1_0.phone,
        r1_0.public_id,
        r1_0.rating,
        r1_0.res_name,
        r1_0.slug,
        r1_0.total_review,
        r1_0.updated_at 
    from
        restaurants r1_0 
    left join
        restaurant_categories c1_0 
            on r1_0.id=c1_0.restaurant_id 
    left join
        categories c1_1 
            on c1_1.id=c1_0.category_id 
    where
        r1_0.merchant_id=?
Hibernate: 
    /* <criteria> */ select
        r1_0.id,
        r1_0.address,
        c1_0.restaurant_id,
        c1_1.id,
        c1_1.cate_name,
        r1_0.closing_time,
        r1_0.created_at,
        r1_0.enabled,
        r1_0.geom,
        r1_0.image_url,
        r1_0.latitude,
        r1_0.longitude,
        r1_0.merchant_id,
        r1_0.opening_time,
        r1_0.phone,
        r1_0.public_id,
        r1_0.rating,
        r1_0.res_name,
        r1_0.slug,
        r1_0.total_review,
        r1_0.updated_at 
    from
        restaurants r1_0 
    left join
        restaurant_categories c1_0 
            on r1_0.id=c1_0.restaurant_id 
    left join
        categories c1_1 
            on c1_1.id=c1_0.category_id 
    where
        r1_0.merchant_id=?
2026-04-11T13:31:59.344+07:00  WARN 41428 --- [restaurant-service] [nio-8085-exec-2] [69d9eadf943f95cf2f1e7701174d2886-771ce7e796f53ac0] o.h.engine.jdbc.spi.SqlExceptionHelper   : SQL Error: 0, SQLState: 42P01
2026-04-11T13:31:59.344+07:00 ERROR 41428 --- [restaurant-service] [nio-8085-exec-2] [69d9eadf943f95cf2f1e7701174d2886-771ce7e796f53ac0] o.h.engine.jdbc.spi.SqlExceptionHelper   : ERROR: relation "restaurants" does not exist
  Position: 325
2026-04-11T13:31:59.355+07:00  WARN 41428 --- [restaurant-service] [nio-8085-exec-2] [69d9eadf943f95cf2f1e7701174d2886-771ce7e796f53ac0] .m.m.a.ExceptionHandlerExceptionResolver : Resolved [org.springframework.dao.InvalidDataAccessResourceUsageException: JDBC exception executing SQL [/* <criteria> */ select r1_0.id,r1_0.address,c1_0.restaurant_id,c1_1.id,c1_1.cate_name,r1_0.closing_time,r1_0.created_at,r1_0.enabled,r1_0.geom,r1_0.image_url,r1_0.latitude,r1_0.longitude,r1_0.merchant_id,r1_0.opening_time,r1_0.phone,r1_0.public_id,r1_0.rating,r1_0.res_name,r1_0.slug,r1_0.total_review,r1_0.updated_at from restaurants r1_0 left join restaurant_categories c1_0 on r1_0.id=c1_0.restaurant_id left join categories c1_1 on c1_1.id=c1_0.category_id where r1_0.merchant_id=?] [ERROR: relation "restaurants" does not exist<EOL>  Position: 325] [n/a]; SQL [n/a]]
2026-04-11T13:31:59.355+07:00 DEBUG 41428 --- [restaurant-service] [nio-8085-exec-2] [69d9eadf943f95cf2f1e7701174d2886-771ce7e796f53ac0] o.j.s.OpenEntityManagerInViewInterceptor : Closing JPA EntityManager in OpenEntityManagerInViewInterceptor
2026-04-11T13:31:59.614+07:00 DEBUG 41428 --- [restaurant-service] [l-1:housekeeper] [                                                 ] com.zaxxer.hikari.pool.HikariPool        : HikariPool-1 - keepalive: connection org.postgresql.jdbc.PgConnection@1b4d9f2e is alive
2026-04-11T13:32:04.664+07:00 DEBUG 41428 --- [restaurant-service] [nio-8085-exec-9] [69d9eae42b6071cfad540a0fa9420884-9f4b2f264c62b766] o.j.s.OpenEntityManagerInViewInterceptor : Opening JPA EntityManager in OpenEntityManagerInViewInterceptor
2026-04-11T13:32:04.698+07:00 DEBUG 41428 --- [restaurant-service] [nio-8085-exec-9] [69d9eae42b6071cfad540a0fa9420884-9f4b2f264c62b766] org.hibernate.SQL                        : 
    /* <criteria> */ select
        r1_0.id,
        r1_0.address,
        c1_0.restaurant_id,
        c1_1.id,
        c1_1.cate_name,
        r1_0.closing_time,
        r1_0.created_at,
        r1_0.enabled,
        r1_0.geom,
        r1_0.image_url,
        r1_0.latitude,
        r1_0.longitude,
        r1_0.merchant_id,
        r1_0.opening_time,
        r1_0.phone,
        r1_0.public_id,
        r1_0.rating,
        r1_0.res_name,
        r1_0.slug,
        r1_0.total_review,
        r1_0.updated_at 
    from
        restaurants r1_0 
    left join
        restaurant_categories c1_0 
            on r1_0.id=c1_0.restaurant_id 
    left join
        categories c1_1 
            on c1_1.id=c1_0.category_id 
    where
        r1_0.merchant_id=?
Hibernate: 
    /* <criteria> */ select
        r1_0.id,
        r1_0.address,
        c1_0.restaurant_id,
        c1_1.id,
        c1_1.cate_name,
        r1_0.closing_time,
        r1_0.created_at,
        r1_0.enabled,
        r1_0.geom,
        r1_0.image_url,
        r1_0.latitude,
        r1_0.longitude,
        r1_0.merchant_id,
        r1_0.opening_time,
        r1_0.phone,
        r1_0.public_id,
        r1_0.rating,
        r1_0.res_name,
        r1_0.slug,
        r1_0.total_review,
        r1_0.updated_at 
    from
        restaurants r1_0 
    left join
        restaurant_categories c1_0 
            on r1_0.id=c1_0.restaurant_id 
    left join
        categories c1_1 
            on c1_1.id=c1_0.category_id 
    where
        r1_0.merchant_id=?
2026-04-11T13:32:04.700+07:00  WARN 41428 --- [restaurant-service] [nio-8085-exec-9] [69d9eae42b6071cfad540a0fa9420884-9f4b2f264c62b766] o.h.engine.jdbc.spi.SqlExceptionHelper   : SQL Error: 0, SQLState: 42P01
2026-04-11T13:32:04.700+07:00 ERROR 41428 --- [restaurant-service] [nio-8085-exec-9] [69d9eae42b6071cfad540a0fa9420884-9f4b2f264c62b766] o.h.engine.jdbc.spi.SqlExceptionHelper   : ERROR: relation "restaurants" does not exist
  Position: 325
2026-04-11T13:32:04.711+07:00  WARN 41428 --- [restaurant-service] [nio-8085-exec-9] [69d9eae42b6071cfad540a0fa9420884-9f4b2f264c62b766] .m.m.a.ExceptionHandlerExceptionResolver : Resolved [org.springframework.dao.InvalidDataAccessResourceUsageException: JDBC exception executing SQL [/* <criteria> */ select r1_0.id,r1_0.address,c1_0.restaurant_id,c1_1.id,c1_1.cate_name,r1_0.closing_time,r1_0.created_at,r1_0.enabled,r1_0.geom,r1_0.image_url,r1_0.latitude,r1_0.longitude,r1_0.merchant_id,r1_0.opening_time,r1_0.phone,r1_0.public_id,r1_0.rating,r1_0.res_name,r1_0.slug,r1_0.total_review,r1_0.updated_at from restaurants r1_0 left join restaurant_categories c1_0 on r1_0.id=c1_0.restaurant_id left join categories c1_1 on c1_1.id=c1_0.category_id where r1_0.merchant_id=?] [ERROR: relation "restaurants" does not exist<EOL>  Position: 325] [n/a]; SQL [n/a]]
2026-04-11T13:32:04.711+07:00 DEBUG 41428 --- [restaurant-service] [nio-8085-exec-9] [69d9eae42b6071cfad540a0fa9420884-9f4b2f264c62b766] o.j.s.OpenEntityManagerInViewInterceptor : Closing JPA EntityManager in OpenEntityManagerInViewInterceptor
2026-04-11T13:32:07.350+07:00 DEBUG 41428 --- [restaurant-service] [l-1:housekeeper] [                                                 ] com.zaxxer.hikari.pool.HikariPool        : HikariPool-1 - keepalive: connection org.postgresql.jdbc.PgConnection@4b5d4cd is alive
2026-04-11T13:32:10.312+07:00 DEBUG 41428 --- [restaurant-service] [l-1:housekeeper] [                                                 ] com.zaxxer.hikari.pool.HikariPool        : HikariPool-1 - keepalive: connection org.postgresql.jdbc.PgConnection@7056a462 is alive
2026-04-11T13:32:17.311+07:00 DEBUG 41428 --- [restaurant-service] [nio-8085-exec-5] [69d9eaf1b8225234ae8b481c4c11ed0c-63e674eb388b3096] o.j.s.OpenEntityManagerInViewInterceptor : Opening JPA EntityManager in OpenEntityManagerInViewInterceptor
2026-04-11T13:32:17.340+07:00 DEBUG 41428 --- [restaurant-service] [nio-8085-exec-5] [69d9eaf1b8225234ae8b481c4c11ed0c-63e674eb388b3096] org.hibernate.SQL                        : 
    /* <criteria> */ select
        r1_0.id,
        r1_0.address,
        c1_0.restaurant_id,
        c1_1.id,
        c1_1.cate_name,
        r1_0.closing_time,
        r1_0.created_at,
        r1_0.enabled,
        r1_0.geom,
        r1_0.image_url,
        r1_0.latitude,
        r1_0.longitude,
        r1_0.merchant_id,
        r1_0.opening_time,
        r1_0.phone,
        r1_0.public_id,
        r1_0.rating,
        r1_0.res_name,
        r1_0.slug,
        r1_0.total_review,
        r1_0.updated_at 
    from
        restaurants r1_0 
    left join
        restaurant_categories c1_0 
            on r1_0.id=c1_0.restaurant_id 
    left join
        categories c1_1 
            on c1_1.id=c1_0.category_id 
    where
        r1_0.merchant_id=?
Hibernate: 
    /* <criteria> */ select
        r1_0.id,
        r1_0.address,
        c1_0.restaurant_id,
        c1_1.id,
        c1_1.cate_name,
        r1_0.closing_time,
        r1_0.created_at,
        r1_0.enabled,
        r1_0.geom,
        r1_0.image_url,
        r1_0.latitude,
        r1_0.longitude,
        r1_0.merchant_id,
        r1_0.opening_time,
        r1_0.phone,
        r1_0.public_id,
        r1_0.rating,
        r1_0.res_name,
        r1_0.slug,
        r1_0.total_review,
        r1_0.updated_at 
    from
        restaurants r1_0 
    left join
        restaurant_categories c1_0 
            on r1_0.id=c1_0.restaurant_id 
    left join
        categories c1_1 
            on c1_1.id=c1_0.category_id 
    where
        r1_0.merchant_id=?
2026-04-11T13:32:17.342+07:00  WARN 41428 --- [restaurant-service] [nio-8085-exec-5] [69d9eaf1b8225234ae8b481c4c11ed0c-63e674eb388b3096] o.h.engine.jdbc.spi.SqlExceptionHelper   : SQL Error: 0, SQLState: 42P01
2026-04-11T13:32:17.342+07:00 ERROR 41428 --- [restaurant-service] [nio-8085-exec-5] [69d9eaf1b8225234ae8b481c4c11ed0c-63e674eb388b3096] o.h.engine.jdbc.spi.SqlExceptionHelper   : ERROR: relation "restaurants" does not exist
  Position: 325
2026-04-11T13:32:17.351+07:00  WARN 41428 --- [restaurant-service] [nio-8085-exec-5] [69d9eaf1b8225234ae8b481c4c11ed0c-63e674eb388b3096] .m.m.a.ExceptionHandlerExceptionResolver : Resolved [org.springframework.dao.InvalidDataAccessResourceUsageException: JDBC exception executing SQL [/* <criteria> */ select r1_0.id,r1_0.address,c1_0.restaurant_id,c1_1.id,c1_1.cate_name,r1_0.closing_time,r1_0.created_at,r1_0.enabled,r1_0.geom,r1_0.image_url,r1_0.latitude,r1_0.longitude,r1_0.merchant_id,r1_0.opening_time,r1_0.phone,r1_0.public_id,r1_0.rating,r1_0.res_name,r1_0.slug,r1_0.total_review,r1_0.updated_at from restaurants r1_0 left join restaurant_categories c1_0 on r1_0.id=c1_0.restaurant_id left join categories c1_1 on c1_1.id=c1_0.category_id where r1_0.merchant_id=?] [ERROR: relation "restaurants" does not exist<EOL>  Position: 325] [n/a]; SQL [n/a]]
2026-04-11T13:32:17.351+07:00 DEBUG 41428 --- [restaurant-service] [nio-8085-exec-5] [69d9eaf1b8225234ae8b481c4c11ed0c-63e674eb388b3096] o.j.s.OpenEntityManagerInViewInterceptor : Closing JPA EntityManager in OpenEntityManagerInViewInterceptor
2026-04-11T13:32:17.926+07:00 DEBUG 41428 --- [restaurant-service] [l-1:housekeeper] [                                                 ] com.zaxxer.hikari.pool.HikariPool        : HikariPool-1 - Pool stats (total=10/10, idle=10/10, active=0, waiting=0)
2026-04-11T13:32:17.926+07:00 DEBUG 41428 --- [restaurant-service] [l-1:housekeeper] [                                                 ] com.zaxxer.hikari.pool.HikariPool        : HikariPool-1 - Fill pool skipped, pool has sufficient level or currently being filled.
2026-04-11T13:32:22.769+07:00 DEBUG 41428 --- [restaurant-service] [nio-8085-exec-4] [69d9eaf6ca249909b893af72a828265c-876f513921a86d08] o.j.s.OpenEntityManagerInViewInterceptor : Opening JPA EntityManager in OpenEntityManagerInViewInterceptor
2026-04-11T13:32:22.793+07:00 DEBUG 41428 --- [restaurant-service] [nio-8085-exec-4] [69d9eaf6ca249909b893af72a828265c-876f513921a86d08] org.hibernate.SQL                        : 
    /* <criteria> */ select
        r1_0.id,
        r1_0.address,
        c1_0.restaurant_id,
        c1_1.id,
        c1_1.cate_name,
        r1_0.closing_time,
        r1_0.created_at,
        r1_0.enabled,
        r1_0.geom,
        r1_0.image_url,
        r1_0.latitude,
        r1_0.longitude,
        r1_0.merchant_id,
        r1_0.opening_time,
        r1_0.phone,
        r1_0.public_id,
        r1_0.rating,
        r1_0.res_name,
        r1_0.slug,
        r1_0.total_review,
        r1_0.updated_at 
    from
        restaurants r1_0 
    left join
        restaurant_categories c1_0 
            on r1_0.id=c1_0.restaurant_id 
    left join
        categories c1_1 
            on c1_1.id=c1_0.category_id 
    where
        r1_0.merchant_id=?
Hibernate: 
    /* <criteria> */ select
        r1_0.id,
        r1_0.address,
        c1_0.restaurant_id,
        c1_1.id,
        c1_1.cate_name,
        r1_0.closing_time,
        r1_0.created_at,
        r1_0.enabled,
        r1_0.geom,
        r1_0.image_url,
        r1_0.latitude,
        r1_0.longitude,
        r1_0.merchant_id,
        r1_0.opening_time,
        r1_0.phone,
        r1_0.public_id,
        r1_0.rating,
        r1_0.res_name,
        r1_0.slug,
        r1_0.total_review,
        r1_0.updated_at 
    from
        restaurants r1_0 
    left join
        restaurant_categories c1_0 
            on r1_0.id=c1_0.restaurant_id 
    left join
        categories c1_1 
            on c1_1.id=c1_0.category_id 
    where
        r1_0.merchant_id=?
2026-04-11T13:32:22.795+07:00  WARN 41428 --- [restaurant-service] [nio-8085-exec-4] [69d9eaf6ca249909b893af72a828265c-876f513921a86d08] o.h.engine.jdbc.spi.SqlExceptionHelper   : SQL Error: 0, SQLState: 42P01
2026-04-11T13:32:22.795+07:00 ERROR 41428 --- [restaurant-service] [nio-8085-exec-4] [69d9eaf6ca249909b893af72a828265c-876f513921a86d08] o.h.engine.jdbc.spi.SqlExceptionHelper   : ERROR: relation "restaurants" does not exist
  Position: 325
2026-04-11T13:32:23.063+07:00  WARN 41428 --- [restaurant-service] [nio-8085-exec-4] [69d9eaf6ca249909b893af72a828265c-876f513921a86d08] .m.m.a.ExceptionHandlerExceptionResolver : Resolved [org.springframework.dao.InvalidDataAccessResourceUsageException: JDBC exception executing SQL [/* <criteria> */ select r1_0.id,r1_0.address,c1_0.restaurant_id,c1_1.id,c1_1.cate_name,r1_0.closing_time,r1_0.created_at,r1_0.enabled,r1_0.geom,r1_0.image_url,r1_0.latitude,r1_0.longitude,r1_0.merchant_id,r1_0.opening_time,r1_0.phone,r1_0.public_id,r1_0.rating,r1_0.res_name,r1_0.slug,r1_0.total_review,r1_0.updated_at from restaurants r1_0 left join restaurant_categories c1_0 on r1_0.id=c1_0.restaurant_id left join categories c1_1 on c1_1.id=c1_0.category_id where r1_0.merchant_id=?] [ERROR: relation "restaurants" does not exist<EOL>  Position: 325] [n/a]; SQL [n/a]]
2026-04-11T13:32:23.064+07:00 DEBUG 41428 --- [restaurant-service] [nio-8085-exec-4] [69d9eaf6ca249909b893af72a828265c-876f513921a86d08] o.j.s.OpenEntityManagerInViewInterceptor : Closing JPA EntityManager in OpenEntityManagerInViewInterceptor
2026-04-11T13:32:29.123+07:00 DEBUG 41428 --- [restaurant-service] [l-1:housekeeper] [                                                 ] com.zaxxer.hikari.pool.HikariPool        : HikariPool-1 - keepalive: connection org.postgresql.jdbc.PgConnection@e4dbfbd is alive
2026-04-11T13:32:31.096+07:00 DEBUG 41428 --- [restaurant-service] [l-1:housekeeper] [                                                 ] com.zaxxer.hikari.pool.HikariPool        : HikariPool-1 - keepalive: connection org.postgresql.jdbc.PgConnection@67cc57aa is alive
2026-04-11T13:32:32.941+07:00 DEBUG 41428 --- [restaurant-service] [nio-8085-exec-1] [69d9eb00aed108c3d72ac4f3647d70ce-30ee6311cc9c61fe] o.j.s.OpenEntityManagerInViewInterceptor : Opening JPA EntityManager in OpenEntityManagerInViewInterceptor
2026-04-11T13:32:32.968+07:00 DEBUG 41428 --- [restaurant-service] [nio-8085-exec-1] [69d9eb00aed108c3d72ac4f3647d70ce-30ee6311cc9c61fe] org.hibernate.SQL                        : 
    /* <criteria> */ select
        r1_0.id,
        r1_0.address,
        c1_0.restaurant_id,
        c1_1.id,
        c1_1.cate_name,
        r1_0.closing_time,
        r1_0.created_at,
        r1_0.enabled,
        r1_0.geom,
        r1_0.image_url,
        r1_0.latitude,
        r1_0.longitude,
        r1_0.merchant_id,
        r1_0.opening_time,
        r1_0.phone,
        r1_0.public_id,
        r1_0.rating,
        r1_0.res_name,
        r1_0.slug,
        r1_0.total_review,
        r1_0.updated_at 
    from
        restaurants r1_0 
    left join
        restaurant_categories c1_0 
            on r1_0.id=c1_0.restaurant_id 
    left join
        categories c1_1 
            on c1_1.id=c1_0.category_id 
    where
        r1_0.merchant_id=?
Hibernate: 
    /* <criteria> */ select
        r1_0.id,
        r1_0.address,
        c1_0.restaurant_id,
        c1_1.id,
        c1_1.cate_name,
        r1_0.closing_time,
        r1_0.created_at,
        r1_0.enabled,
        r1_0.geom,
        r1_0.image_url,
        r1_0.latitude,
        r1_0.longitude,
        r1_0.merchant_id,
        r1_0.opening_time,
        r1_0.phone,
        r1_0.public_id,
        r1_0.rating,
        r1_0.res_name,
        r1_0.slug,
        r1_0.total_review,
        r1_0.updated_at 
    from
        restaurants r1_0 
    left join
        restaurant_categories c1_0 
            on r1_0.id=c1_0.restaurant_id 
    left join
        categories c1_1 
            on c1_1.id=c1_0.category_id 
    where
        r1_0.merchant_id=?
2026-04-11T13:32:32.971+07:00  WARN 41428 --- [restaurant-service] [nio-8085-exec-1] [69d9eb00aed108c3d72ac4f3647d70ce-30ee6311cc9c61fe] o.h.engine.jdbc.spi.SqlExceptionHelper   : SQL Error: 0, SQLState: 42P01
2026-04-11T13:32:32.971+07:00 ERROR 41428 --- [restaurant-service] [nio-8085-exec-1] [69d9eb00aed108c3d72ac4f3647d70ce-30ee6311cc9c61fe] o.h.engine.jdbc.spi.SqlExceptionHelper   : ERROR: relation "restaurants" does not exist
  Position: 325
2026-04-11T13:32:32.983+07:00  WARN 41428 --- [restaurant-service] [nio-8085-exec-1] [69d9eb00aed108c3d72ac4f3647d70ce-30ee6311cc9c61fe] .m.m.a.ExceptionHandlerExceptionResolver : Resolved [org.springframework.dao.InvalidDataAccessResourceUsageException: JDBC exception executing SQL [/* <criteria> */ select r1_0.id,r1_0.address,c1_0.restaurant_id,c1_1.id,c1_1.cate_name,r1_0.closing_time,r1_0.created_at,r1_0.enabled,r1_0.geom,r1_0.image_url,r1_0.latitude,r1_0.longitude,r1_0.merchant_id,r1_0.opening_time,r1_0.phone,r1_0.public_id,r1_0.rating,r1_0.res_name,r1_0.slug,r1_0.total_review,r1_0.updated_at from restaurants r1_0 left join restaurant_categories c1_0 on r1_0.id=c1_0.restaurant_id left join categories c1_1 on c1_1.id=c1_0.category_id where r1_0.merchant_id=?] [ERROR: relation "restaurants" does not exist<EOL>  Position: 325] [n/a]; SQL [n/a]]
2026-04-11T13:32:32.984+07:00 DEBUG 41428 --- [restaurant-service] [nio-8085-exec-1] [69d9eb00aed108c3d72ac4f3647d70ce-30ee6311cc9c61fe] o.j.s.OpenEntityManagerInViewInterceptor : Closing JPA EntityManager in OpenEntityManagerInViewInterceptor
2026-04-11T13:32:43.550+07:00 DEBUG 41428 --- [restaurant-service] [l-1:housekeeper] [                                                 ] com.zaxxer.hikari.pool.HikariPool        : HikariPool-1 - keepalive: connection org.postgresql.jdbc.PgConnection@44f97de1 is alive
2026-04-11T13:32:47.929+07:00 DEBUG 41428 --- [restaurant-service] [l-1:housekeeper] [                                                 ] com.zaxxer.hikari.pool.HikariPool        : HikariPool-1 - Pool stats (total=10/10, idle=10/10, active=0, waiting=0)
2026-04-11T13:32:47.929+07:00 DEBUG 41428 --- [restaurant-service] [l-1:housekeeper] [                                                 ] com.zaxxer.hikari.pool.HikariPool        : HikariPool-1 - Fill pool skipped, pool has sufficient level or currently being filled.
2026-04-11T13:32:59.280+07:00  INFO 41428 --- [restaurant-service] [rap-executor-%d] [                                                 ] c.n.d.s.r.aws.ConfigClusterResolver      : Resolving eureka endpoints via configuration
2026-04-11T13:33:05.131+07:00 DEBUG 41428 --- [restaurant-service] [nio-8085-exec-3] [69d9eb21887b51bfb4d11d72090e035b-5399ab683ffccb52] o.j.s.OpenEntityManagerInViewInterceptor : Opening JPA EntityManager in OpenEntityManagerInViewInterceptor
2026-04-11T13:33:05.417+07:00 DEBUG 41428 --- [restaurant-service] [nio-8085-exec-3] [69d9eb21887b51bfb4d11d72090e035b-5399ab683ffccb52] o.s.orm.jpa.JpaTransactionManager        : Found thread-bound EntityManager [SessionImpl(1149170518<open>)] for JPA transaction
2026-04-11T13:33:05.421+07:00 DEBUG 41428 --- [restaurant-service] [nio-8085-exec-3] [69d9eb21887b51bfb4d11d72090e035b-5399ab683ffccb52] o.s.orm.jpa.JpaTransactionManager        : Creating new transaction with name [com.CNTTK18.restaurant_service.service.Impl.ResServiceImpl.createRestaurant]: PROPAGATION_REQUIRED,ISOLATION_DEFAULT
2026-04-11T13:33:05.423+07:00 DEBUG 41428 --- [restaurant-service] [nio-8085-exec-3] [69d9eb21887b51bfb4d11d72090e035b-5399ab683ffccb52] o.s.orm.jpa.JpaTransactionManager        : Exposing JPA transaction as JDBC [org.springframework.orm.jpa.vendor.HibernateJpaDialect$HibernateConnectionHandle@5a253116]
2026-04-11T13:33:05.458+07:00 DEBUG 41428 --- [restaurant-service] [nio-8085-exec-3] [69d9eb21887b51bfb4d11d72090e035b-5399ab683ffccb52] org.hibernate.SQL                        : 
    /* <criteria> */ select
        r1_0.id,
        r1_0.address,
        c1_0.restaurant_id,
        c1_1.id,
        c1_1.cate_name,
        r1_0.closing_time,
        r1_0.created_at,
        r1_0.enabled,
        r1_0.geom,
        r1_0.image_url,
        r1_0.latitude,
        r1_0.longitude,
        r1_0.merchant_id,
        r1_0.opening_time,
        r1_0.phone,
        r1_0.public_id,
        r1_0.rating,
        r1_0.res_name,
        r1_0.slug,
        r1_0.total_review,
        r1_0.updated_at 
    from
        restaurants r1_0 
    left join
        restaurant_categories c1_0 
            on r1_0.id=c1_0.restaurant_id 
    left join
        categories c1_1 
            on c1_1.id=c1_0.category_id 
    where
        r1_0.merchant_id=?
Hibernate: 
    /* <criteria> */ select
        r1_0.id,
        r1_0.address,
        c1_0.restaurant_id,
        c1_1.id,
        c1_1.cate_name,
        r1_0.closing_time,
        r1_0.created_at,
        r1_0.enabled,
        r1_0.geom,
        r1_0.image_url,
        r1_0.latitude,
        r1_0.longitude,
        r1_0.merchant_id,
        r1_0.opening_time,
        r1_0.phone,
        r1_0.public_id,
        r1_0.rating,
        r1_0.res_name,
        r1_0.slug,
        r1_0.total_review,
        r1_0.updated_at 
    from
        restaurants r1_0 
    left join
        restaurant_categories c1_0 
            on r1_0.id=c1_0.restaurant_id 
    left join
        categories c1_1 
            on c1_1.id=c1_0.category_id 
    where
        r1_0.merchant_id=?
2026-04-11T13:33:05.458+07:00  WARN 41428 --- [restaurant-service] [nio-8085-exec-3] [69d9eb21887b51bfb4d11d72090e035b-5399ab683ffccb52] o.h.engine.jdbc.spi.SqlExceptionHelper   : SQL Error: 0, SQLState: 42P01
2026-04-11T13:33:05.458+07:00 ERROR 41428 --- [restaurant-service] [nio-8085-exec-3] [69d9eb21887b51bfb4d11d72090e035b-5399ab683ffccb52] o.h.engine.jdbc.spi.SqlExceptionHelper   : ERROR: relation "restaurants" does not exist
  Position: 325
2026-04-11T13:33:05.458+07:00 DEBUG 41428 --- [restaurant-service] [nio-8085-exec-3] [69d9eb21887b51bfb4d11d72090e035b-5399ab683ffccb52] o.s.orm.jpa.JpaTransactionManager        : Initiating transaction rollback
2026-04-11T13:33:05.458+07:00 DEBUG 41428 --- [restaurant-service] [nio-8085-exec-3] [69d9eb21887b51bfb4d11d72090e035b-5399ab683ffccb52] o.s.orm.jpa.JpaTransactionManager        : Rolling back JPA transaction on EntityManager [SessionImpl(1149170518<open>)]
2026-04-11T13:33:05.458+07:00 DEBUG 41428 --- [restaurant-service] [nio-8085-exec-3] [69d9eb21887b51bfb4d11d72090e035b-5399ab683ffccb52] o.s.orm.jpa.JpaTransactionManager        : Not closing pre-bound JPA EntityManager after transaction
2026-04-11T13:33:05.489+07:00  WARN 41428 --- [restaurant-service] [nio-8085-exec-3] [69d9eb21887b51bfb4d11d72090e035b-5399ab683ffccb52] .m.m.a.ExceptionHandlerExceptionResolver : Resolved [org.springframework.dao.InvalidDataAccessResourceUsageException: JDBC exception executing SQL [/* <criteria> */ select r1_0.id,r1_0.address,c1_0.restaurant_id,c1_1.id,c1_1.cate_name,r1_0.closing_time,r1_0.created_at,r1_0.enabled,r1_0.geom,r1_0.image_url,r1_0.latitude,r1_0.longitude,r1_0.merchant_id,r1_0.opening_time,r1_0.phone,r1_0.public_id,r1_0.rating,r1_0.res_name,r1_0.slug,r1_0.total_review,r1_0.updated_at from restaurants r1_0 left join restaurant_categories c1_0 on r1_0.id=c1_0.restaurant_id left join categories c1_1 on c1_1.id=c1_0.category_id where r1_0.merchant_id=?] [ERROR: relation "restaurants" does not exist<EOL>  Position: 325] [n/a]; SQL [n/a]]
2026-04-11T13:33:05.492+07:00 DEBUG 41428 --- [restaurant-service] [nio-8085-exec-3] [69d9eb21887b51bfb4d11d72090e035b-5399ab683ffccb52] o.j.s.OpenEntityManagerInViewInterceptor : Closing JPA EntityManager in OpenEntityManagerInViewInterceptor
2026-04-11T13:33:09.414+07:00 DEBUG 41428 --- [restaurant-service] [l-1:housekeeper] [                                                 ] com.zaxxer.hikari.pool.HikariPool        : HikariPool-1 - keepalive: connection org.postgresql.jdbc.PgConnection@24b29416 is alive
2026-04-11T13:33:17.932+07:00 DEBUG 41428 --- [restaurant-service] [l-1:housekeeper] [                                                 ] com.zaxxer.hikari.pool.HikariPool        : HikariPool-1 - Pool stats (total=10/10, idle=10/10, active=0, waiting=0)
2026-04-11T13:33:17.932+07:00 DEBUG 41428 --- [restaurant-service] [l-1:housekeeper] [                                                 ] com.zaxxer.hikari.pool.HikariPool        : HikariPool-1 - Fill pool skipped, pool has sufficient level or currently being filled.
2026-04-11T13:33:19.148+07:00 DEBUG 41428 --- [restaurant-service] [l-1:housekeeper] [                                                 ] com.zaxxer.hikari.pool.HikariPool        : HikariPool-1 - keepalive: connection org.postgresql.jdbc.PgConnection@29ae2346 is alive
2026-04-11T13:33:19.533+07:00 DEBUG 41428 --- [restaurant-service] [l-1:housekeeper] [                                                 ] com.zaxxer.hikari.pool.HikariPool        : HikariPool-1 - keepalive: connection org.postgresql.jdbc.PgConnection@5951231d is alive
2026-04-11T13:33:32.569+07:00  WARN 41428 --- [restaurant-service] [/api/v2/spans}}] [                                                 ] z.r.i.AsyncReporter$BoundedAsyncReporter : Spans were dropped due to exceptions. All subsequent errors will be logged at FINE level.
2026-04-11T13:33:32.569+07:00  WARN 41428 --- [restaurant-service] [/api/v2/spans}}] [                                                 ] z.r.i.AsyncReporter$BoundedAsyncReporter : Dropped 1 spans due to ConnectException()

java.net.ConnectException: null
	at java.net.http/jdk.internal.net.http.HttpClientImpl.send(HttpClientImpl.java:951) ~[java.net.http:na]
	at java.net.http/jdk.internal.net.http.HttpClientFacade.send(HttpClientFacade.java:133) ~[java.net.http:na]
	at org.springframework.boot.actuate.autoconfigure.tracing.zipkin.ZipkinHttpClientSender.postSpans(ZipkinHttpClientSender.java:60) ~[spring-boot-actuator-autoconfigure-3.5.5.jar:3.5.5]
	at org.springframework.boot.actuate.autoconfigure.tracing.zipkin.HttpSender.postSpans(HttpSender.java:69) ~[spring-boot-actuator-autoconfigure-3.5.5.jar:3.5.5]
	at org.springframework.boot.actuate.autoconfigure.tracing.zipkin.HttpSender.postSpans(HttpSender.java:41) ~[spring-boot-actuator-autoconfigure-3.5.5.jar:3.5.5]
	at zipkin2.reporter.BaseHttpSender.send(BaseHttpSender.java:123) ~[zipkin-reporter-3.5.1.jar:na]
	at zipkin2.reporter.internal.AsyncReporter$BoundedAsyncReporter.flush(AsyncReporter.java:266) ~[zipkin-reporter-3.5.1.jar:na]
	at zipkin2.reporter.internal.AsyncReporter$Flusher.run(AsyncReporter.java:352) ~[zipkin-reporter-3.5.1.jar:na]
	at java.base/java.lang.Thread.run(Thread.java:1583) ~[na:na]
Caused by: java.net.ConnectException: null
	at java.net.http/jdk.internal.net.http.common.Utils.toConnectException(Utils.java:1041) ~[java.net.http:na]
	at java.net.http/jdk.internal.net.http.PlainHttpConnection.connectAsync(PlainHttpConnection.java:227) ~[java.net.http:na]
	at java.net.http/jdk.internal.net.http.PlainHttpConnection.checkRetryConnect(PlainHttpConnection.java:280) ~[java.net.http:na]
	at java.net.http/jdk.internal.net.http.PlainHttpConnection.lambda$connectAsync$2(PlainHttpConnection.java:238) ~[java.net.http:na]
	at java.base/java.util.concurrent.CompletableFuture.uniHandle(CompletableFuture.java:934) ~[na:na]
	at java.base/java.util.concurrent.CompletableFuture$UniHandle.tryFire(CompletableFuture.java:911) ~[na:na]
	at java.base/java.util.concurrent.CompletableFuture.postComplete(CompletableFuture.java:510) ~[na:na]
	at java.base/java.util.concurrent.CompletableFuture$AsyncSupply.run(CompletableFuture.java:1773) ~[na:na]
	at java.base/java.util.concurrent.ThreadPoolExecutor.runWorker(ThreadPoolExecutor.java:1144) ~[na:na]
	at java.base/java.util.concurrent.ThreadPoolExecutor$Worker.run(ThreadPoolExecutor.java:642) ~[na:na]
	... 1 common frames omitted
Caused by: java.nio.channels.ClosedChannelException: null
	at java.base/sun.nio.ch.SocketChannelImpl.ensureOpen(SocketChannelImpl.java:202) ~[na:na]
	at java.base/sun.nio.ch.SocketChannelImpl.beginConnect(SocketChannelImpl.java:786) ~[na:na]
	at java.base/sun.nio.ch.SocketChannelImpl.connect(SocketChannelImpl.java:874) ~[na:na]
	at java.net.http/jdk.internal.net.http.PlainHttpConnection.lambda$connectAsync$1(PlainHttpConnection.java:210) ~[java.net.http:na]
	at java.base/java.security.AccessController.doPrivileged(AccessController.java:571) ~[na:na]
	at java.net.http/jdk.internal.net.http.PlainHttpConnection.connectAsync(PlainHttpConnection.java:212) ~[java.net.http:na]
	... 9 common frames omitted

2026-04-11T13:33:34.085+07:00 DEBUG 41428 --- [restaurant-service] [l-1:housekeeper] [                                                 ] com.zaxxer.hikari.pool.HikariPool        : HikariPool-1 - keepalive: connection org.postgresql.jdbc.PgConnection@719a6515 is alive
2026-04-11T13:33:36.761+07:00 DEBUG 41428 --- [restaurant-service] [l-1:housekeeper] [                                                 ] com.zaxxer.hikari.pool.HikariPool        : HikariPool-1 - keepalive: connection org.postgresql.jdbc.PgConnection@1b4d9f2e is alive
2026-04-11T13:33:47.942+07:00 DEBUG 41428 --- [restaurant-service] [l-1:housekeeper] [                                                 ] com.zaxxer.hikari.pool.HikariPool        : HikariPool-1 - Pool stats (total=10/10, idle=10/10, active=0, waiting=0)
2026-04-11T13:33:47.942+07:00 DEBUG 41428 --- [restaurant-service] [l-1:housekeeper] [                                                 ] com.zaxxer.hikari.pool.HikariPool        : HikariPool-1 - Fill pool skipped, pool has sufficient level or currently being filled.
